current_ts,balance,btype,pid,ptype,iban,account,sender,bank,iban2,receiver
7/10/2023 19:44:00,29854,EUR,1448,H,TR999841433,112752826,KAMİL DEMİR,X Bank,TR499923898,AYLİA ÇETİNTAŞ
7/10/2023 19:46:00,43302,USD,1755,H,TR996897724,113584848,KIVANÇ YAKAR,X Bank,TR619793870,FATİH KAYA
7/10/2023 19:48:00,32584,TL,1505,H,TR996861867,114075254,İLKNUR ŞAHİN,X Bank,TR285563149,SERDAR KUTLUYURDU
7/10/2023 19:49:59,14927,USD,1110,H,TR996778384,114374492,GÖKHAN ÇİLDİR,X Bank,TR528182108,NİHAL GENÇ TALAS
7/10/2023 19:51:59,43115,EUR,1746,H,TR992883017,115751562,LEVENT KAZBEK,X Bank,TR165697942,EYYUP SABRİ ULUÖZ
7/10/2023 19:53:59,48681,TL,1891,H,TR992178579,118897017,ÖZLEM MUTLU,X Bank,TR375432126,FATİH KAYA
7/10/2023 19:55:59,18971,TL,1190,H,TR992065795,120083676,DENİZ AKDENİZ,X Bank,TR304585453,LEVENT KARADEMİR
7/10/2023 19:57:59,34907,USD,1551,H,TR990528537,120607637,ÜLKÜ PEKTAŞ,X Bank,TR595470836,SENEM AK
7/10/2023 19:59:59,30360,EUR,1461,H,TR990300552,120850528,LEVENT ŞELİMAN,X Bank,TR565406938,DİLEK ÇETİN
7/10/2023 20:01:59,36385,USD,1587,H,TR989081741,121520948,FERHAN ŞENTÜRK,X Bank,TR578224394,ESRA KILIÇ YILDIRIM
7/10/2023 20:03:59,46256,USD,1830,H,TR987994386,121563819,SEYFİ AKÖZ,X Bank,TR630335040,SERHAT KÖROĞLU
7/10/2023 20:05:59,49598,TL,1909,H,TR987578254,125061375,OLCAY BAŞAK BAĞCIK,X Bank,TR942740010,SEMA KUYUCU
7/10/2023 20:07:59,29772,TL,1443,H,TR987352008,126507044,ARDA YILDIRIM,X Bank,TR548905018,BERNA ÖZER
7/10/2023 20:09:59,36037,TL,1578,H,TR984296475,126845472,GÜLAY BEDER,X Bank,TR350775622,DENİZ BİNNETOĞLU
7/10/2023 20:11:59,24440,TL,1312,H,TR983643321,128406407,ÖZGÜR PİŞİRGEN,X Bank,TR763696893,ZÜHAL GÜLSÜM CENGİZ
7/10/2023 20:13:59,34806,TL,1549,H,TR981744633,129515316,HÜMEYRA DAL,X Bank,TR418415447,AYŞEGÜL BAYSOY
7/10/2023 20:15:59,46415,EUR,1834,H,TR978160535,129764452,EYYUP SABRİ ULUÖZ,X Bank,TR740273075,FERDA ÇETİN
7/10/2023 20:17:59,35741,TL,1572,H,TR977817410,129984529,TURGAY YILMAZ YALÇINKAYA,X Bank,TR543828949,FADİME SEVGİ AYMAN
7/10/2023 20:19:59,31161,EUR,1478,H,TR977134616,132758036,İSMAİL ADANIR,X Bank,TR837018474,MUTLU DİNCER
7/10/2023 20:21:59,48552,TL,1885,H,TR975291160,132919023,ŞULE MİNE ŞANLIKAN,X Bank,TR491926523,ATAKAN TUĞCUGİL
7/10/2023 20:23:59,44860,EUR,1793,H,TR972413705,133192933,İLKER KARADENİZ,X Bank,TR795485691,GÜLBAHAR KOCABAŞ
7/10/2023 20:25:59,40468,EUR,1686,H,TR971455927,134002991,SİBEL BULUR,X Bank,TR218611126,BİRGÜL ALUÇLU
7/10/2023 20:27:59,37014,USD,1617,H,TR971385059,135289144,MUSTAFA DEMİRTAŞ,X Bank,TR131719938,HÜMEYRA ARGA
7/10/2023 20:29:59,38421,TL,1649,H,TR970908300,135455937,İLKNUR AKAR,X Bank,TR773395113,GÖKHAN YASA
7/10/2023 20:31:59,49329,EUR,1906,H,TR969787953,136803155,SULTAN SEVEN,X Bank,TR961842729,MUAMMER MÜSLİM SÖKER
7/10/2023 20:33:59,48024,USD,1871,H,TR967690284,136820968,YUSUF GÜL,X Bank,TR692972549,ÜLKÜHAN TAYFUN
7/10/2023 20:35:59,36860,TL,1613,H,TR967383010,137138138,VOLKAN ÖZCAN,X Bank,TR162306284,TUĞBA AKTAŞ
7/10/2023 20:37:59,32717,USD,1510,H,TR966981852,137405101,MAHMUT DEMİR GÖÇMEN,X Bank,TR140372524,GÜLPERİ KARA
7/10/2023 20:39:59,25332,EUR,1334,H,TR966506510,139129457,MUSTAFA ERSAGUN BULUT,X Bank,TR194590185,İLKNUR KILIÇ YILDIRIM
7/10/2023 20:41:59,14742,EUR,1102,H,TR965460589,139935417,PAPATYA MEMETOĞLU,X Bank,TR343184418,REMZİYE AKDOĞAN
7/10/2023 20:43:59,38771,EUR,1658,H,TR964734511,140003344,BELGİN EMİNE ÇELİK,X Bank,TR310532030,SEVDE NUR CİMBEK
7/10/2023 20:45:59,34758,EUR,1546,H,TR964282021,142280696,BEYZA AKCA ÇAĞLAR,X Bank,TR769319376,HARUN ERDEM
7/10/2023 20:47:59,13857,EUR,1085,H,TR962363933,142353347,PAPATYA KAYAOĞLU,X Bank,TR477816058,ÖZLEM TÜRKOĞLU
7/10/2023 20:49:59,48401,EUR,1881,H,TR962085954,142722754,LEVENT DOĞAN,X Bank,TR431697057,SELÇUK KANDEMİR
7/10/2023 20:51:59,31716,EUR,1491,H,TR961842729,145387224,GÖKHAN KAYABAŞ,X Bank,TR219562579,HAŞİM ONUR HALHALLI
7/10/2023 20:53:59,35475,TL,1566,H,TR961723984,146117549,ABDULLAH ÜNSAL,X Bank,TR867856445,SİNAN ÖZTÜRK
7/10/2023 20:55:59,28641,EUR,1414,H,TR959560772,149536083,MELİA ÇİPE,X Bank,TR561224683,FADİME SEVGİ AYDIN BADILLIOĞLU
7/10/2023 20:57:59,26048,TL,1354,H,TR959151798,150297732,ÖZLEM DURÇ ÖZTÜRK,X Bank,TR964282021,İKLİL KILAÇ
7/10/2023 20:59:59,21586,EUR,1250,H,TR958859038,150388955,MEHTAP YURDSEVEN,X Bank,TR534749046,MÜNEVER KIZMAZOĞLU
7/10/2023 21:01:59,30007,TL,1455,H,TR958476093,150485447,VEDAT DEMİR,X Bank,TR738725760,PAPATYA MEMETOĞLU
7/10/2023 21:03:59,31217,USD,1479,H,TR958259533,151828873,ÖZLEM TÖNGE,X Bank,TR250884940,SELÇUK GİDER
7/10/2023 21:05:59,29878,EUR,1450,H,TR957885680,152424764,RİFAT CAN AMİROVA UÇAN,X Bank,TR751461590,HÜMEYRA KAYACAN
7/10/2023 21:07:59,34757,EUR,1545,H,TR957547056,153680549,ZÜHAL GÜLSÜM HEPKAYA,X Bank,TR645056987,LEVENT ŞAHİN
7/10/2023 21:09:59,35997,USD,1576,H,TR957407290,153924082,FERHAN ARSLAN,X Bank,TR486090110,RUKİYE DÜGER
7/10/2023 21:11:59,29207,TL,1426,H,TR950789560,154116372,AKSEL DOĞAN,X Bank,TR887994613,BİRSEN GÖZCÜ
7/10/2023 21:13:59,10804,TL,1015,H,TR948932756,154387007,MÜMTAZ AYDINER,X Bank,TR871061286,ÖZHAN KAYACAN
7/10/2023 21:15:59,31849,USD,1495,H,TR948683169,155187706,CEYHAN ERGİNEL,X Bank,TR114280286,ZÜHAL GÜLSÜM ANIK
7/10/2023 21:17:59,44049,USD,1772,H,TR948300338,155930719,SELÇUK VATANSEVER,X Bank,TR340192412,EBRU ÇETEMEN
7/10/2023 21:19:59,41152,TL,1698,H,TR945972378,157568659,DENİZ ÜSTÜN,X Bank,TR419868939,DİLEK BELGEMEN
7/10/2023 21:21:59,11554,USD,1036,H,TR943931719,158633817,ŞEYMA KARTAL,X Bank,TR266797552,MEHMET ÖZDOĞAN
7/10/2023 21:23:59,22518,USD,1269,H,TR942765576,158935838,YUSUF KENAN ALDİNÇ,X Bank,TR924657188,MELİA OLGAÇ
7/10/2023 21:25:59,17935,EUR,1172,H,TR942740010,160129169,EMİNE BAYGELDİ,X Bank,TR193224845,EVRİM KORKMAZ
7/10/2023 21:27:59,22667,USD,1271,H,TR940740161,160224118,METE BEREKATOĞLU,X Bank,TR444602275,METE TÜRKDOĞAN
7/10/2023 21:29:59,39484,TL,1669,H,TR940380033,161387014,SELÇUK KULAKSIZ,X Bank,TR310200976,ZAHİDE BOLAÇ
7/10/2023 21:31:59,27774,USD,1396,H,TR939629507,161965890,İLKNUR KIRBAŞ,X Bank,TR408303737,ÖZLEM SEVİNGİL
7/10/2023 21:33:59,36409,TL,1589,H,TR939602473,164243717,EBRU UYGUR,X Bank,TR260312612,RİFAT CAN AMİROVA UÇAN
7/10/2023 21:35:59,36738,TL,1606,H,TR939495681,164424587,ERSEN SAÇLI,X Bank,TR387365484,ZÜHAL GÜLSÜM KARAHAN
7/10/2023 21:37:59,28012,USD,1401,H,TR938697982,164493180,İLKNUR KÖSE,X Bank,TR395358166,HÜMEYRA KAYA
7/10/2023 21:39:59,46154,TL,1827,H,TR937412299,165463303,SALİM GEDİK YILMAZ,X Bank,TR488412272,ELİF ERBAŞ
7/10/2023 21:41:59,16825,EUR,1148,H,TR936763828,166020024,SEVDA ÖZDEMİR,X Bank,TR143093765,MUSTAFA TATAR
7/10/2023 21:43:59,11925,TL,1042,H,TR936062052,167344843,SEDA YILDIZ ALTUN,X Bank,TR711853055,AYLİA BAŞER
7/10/2023 21:45:59,46516,TL,1837,H,TR935079685,171639623,ŞERMİN UYSAL,X Bank,TR843523691,ERAY ERDEM ÖZCAN
7/10/2023 21:47:59,25613,USD,1342,H,TR934461510,172936461,REFİK KAYA,X Bank,TR456490496,NURDAN KILIÇ
7/10/2023 21:49:59,29976,USD,1452,H,TR934151447,174418888,BAYRAM YILDIRIM,X Bank,TR503965294,SALİM ALAN
7/10/2023 21:51:59,39521,TL,1671,H,TR931630331,175396912,FERHAN ULUÖZ,X Bank,TR576242987,GÜLÇİN PİŞİRGEN
7/10/2023 21:53:59,26025,EUR,1353,H,TR930629011,177474653,FEYZA METE,X Bank,TR867156688,İLKNUR SÜRMEN AKYOL
7/10/2023 21:55:59,16065,USD,1132,H,TR930007569,179032389,ÖZGÜR BAĞCIK,X Bank,TR810920779,KENAN AHMET ÇİLDİR
7/10/2023 21:57:59,15787,TL,1126,H,TR929052685,180600085,MURAT YILDIZ,X Bank,TR948300338,GÖKMEN ALPASLAN TANRIVERDİ YILMAZ
7/10/2023 21:59:59,36782,TL,1609,H,TR927542333,180953515,ÖZLEM ARSLAN,X Bank,TR318761031,MEHTAP TURGUT
7/10/2023 22:01:59,17552,TL,1163,H,TR926958766,182311631,REFİK KEBAPCILAR,X Bank,TR441222420,MUSTAFA ONAR ŞEKERCİ
7/10/2023 22:03:59,43161,TL,1748,H,TR925841419,183787610,ÖZLEM KUŞKU,X Bank,TR826480096,SERHAT ONUK
7/10/2023 22:05:59,11205,USD,1024,H,TR925720770,184450018,FEZA DOĞAN,X Bank,TR565887466,DENİZ KANIK YÜKSEK
7/10/2023 22:07:59,21880,TL,1255,H,TR925153942,185873470,FEVZİYE ARGA,X Bank,TR750356073,İLKER ŞEYHANLI
7/10/2023 22:09:59,15256,USD,1118,H,TR925116226,187511655,BARIŞ SARAÇOĞLU ÇEKİÇ,X Bank,TR591093089,MELİA BAKANAY ÖZTÜRK
7/10/2023 22:11:59,12678,USD,1058,H,TR924657188,187773754,FATİH ATEŞ,X Bank,TR804311369,MEHMET AYTAÇ
7/10/2023 22:13:59,26817,USD,1372,H,TR922080016,189959198,İKLİL YENİDÜNYA,X Bank,TR757276529,İLKER KARADENİZ
7/10/2023 22:15:59,28649,USD,1415,H,TR921045375,190241300,MUSTAFA BAYRAMOĞLU,X Bank,TR818014068,DEMET UYSAL
7/10/2023 22:17:59,28797,EUR,1418,H,TR920626796,191619239,SELÇUK NİZAM,X Bank,TR447037691,REZZAN ARSLAN
7/10/2023 22:19:59,34117,TL,1534,H,TR920344807,191729775,AHMET AYDOĞAN,X Bank,TR507793652,CEM GÜNAY
7/10/2023 22:21:59,19689,USD,1204,H,TR917499965,192043085,GÖKHAN İNER KÖKSAL,X Bank,TR858854039,DENİZ KARAGÖZ
7/10/2023 22:23:59,39581,TL,1672,H,TR917323975,192478078,VOLKAN BALCI,X Bank,TR412104774,FADİME SEVGİ MUTLU
7/10/2023 22:25:59,14835,TL,1107,H,TR917003539,193063505,EMİNE YAVUZ,X Bank,TR324431367,MUSTAFA YASA
7/10/2023 22:27:59,14184,USD,1090,H,TR916822421,193101592,GÖKHAN DEMİRKOL,X Bank,TR197977239,ESİN KADAK
7/10/2023 22:29:59,14912,EUR,1109,H,TR916133715,194010677,MUSTAFA OLMAZ,X Bank,TR996861867,LEVENT VURAL
7/10/2023 22:31:59,37924,TL,1638,H,TR915615339,194213329,MEHMET CEYLAN,X Bank,TR422635653,TÜLAY ASENA
7/10/2023 22:33:59,13817,EUR,1084,H,TR914675501,196502327,İLKER ORHON,X Bank,TR880896617,AHMET ALİ SARAÇOĞLU
7/10/2023 22:35:59,47990,TL,1870,H,TR914239603,197590095,ERKAN ÖCALAN,X Bank,TR708462730,METE YEŞİLDAĞER
7/10/2023 22:37:59,16318,USD,1139,H,TR914167801,199391946,ERSEN ATİK,X Bank,TR304619333,ÖZLEM LAĞARLI
7/10/2023 22:39:59,25767,EUR,1344,H,TR912744564,201830334,METE KARA,X Bank,TR760794488,UFUK YILMAZ
7/10/2023 22:41:59,41980,TL,1724,H,TR912521331,202001497,BAŞAK GÜLER,X Bank,TR288744707,BARIŞ ÖZDEMİR
7/10/2023 22:43:59,17456,EUR,1162,H,TR912331525,203139109,LEVENT VURAL,X Bank,TR212209076,PAPATYA BAŞARAN
7/10/2023 22:45:59,44397,USD,1780,H,TR911838199,203711866,ZÜHAL GÜLSÜM YAVAŞİ,X Bank,TR925841419,SALİM KARADAĞ
7/10/2023 22:47:59,17026,TL,1156,H,TR911425523,204945998,MUAMMER MÜSLİM SÖKER,X Bank,TR911297410,LEVENT DOĞAN
7/10/2023 22:49:59,25868,USD,1346,H,TR911297410,205002116,BİRGÜL ALUÇLU,X Bank,TR597114719,LEZİZ EREN
7/10/2023 22:51:59,19722,EUR,1205,H,TR908422021,205353615,ŞAFAK EMLAKÇIOĞLU,X Bank,TR720708938,ATAKAN ERGİNEL
7/10/2023 22:53:59,31249,EUR,1480,H,TR908302924,206645912,HACI MURAT UZUN,X Bank,TR920626796,AHMET SERKAN ŞENGÜL
7/10/2023 22:55:59,49245,EUR,1903,H,TR908166792,207887689,TUBA KÖŞKER,X Bank,TR615430640,İPEK EVİK
7/10/2023 22:57:59,14986,TL,1114,H,TR907074038,208113816,SEMA BÜKÜLMEZ,X Bank,TR940740161,MUSTAFA GENÇ
7/10/2023 22:59:59,37027,EUR,1618,H,TR905816387,208186853,GÜLŞAH UZ,X Bank,TR599127773,ZEYNEP BAYMAK
7/10/2023 23:01:59,29983,TL,1453,H,TR905715039,208425041,ÖZCAN SÜRÜM,X Bank,TR206629748,DENİZ ŞEN TANRIKULU
7/10/2023 23:03:59,20621,TL,1223,H,TR905318160,211163093,FADİME SEVGİ BÜLBÜL,X Bank,TR531616852,MELTEM GİNİŞ
7/10/2023 23:05:59,25078,TL,1326,H,TR904725930,211408124,MURAT GÖKSOY,X Bank,TR266544057,ÜMİT BARBAROS
7/10/2023 23:07:59,47052,TL,1848,H,TR901567049,212124036,İLKER EROL,X Bank,TR526559931,ZÜHAL GÜLSÜM TOLA
7/10/2023 23:09:59,10744,USD,1011,H,TR900484948,212748523,GÖKMEN ŞENTÜRK,X Bank,TR491612312,BELGİN EMİNE ÇELİK
7/10/2023 23:11:59,27855,EUR,1398,H,TR900220848,213119688,DİLBER TUĞCUGİL,X Bank,TR914167801,PAPATYA ARKAN
7/10/2023 23:13:59,24425,EUR,1310,H,TR899960986,213306518,İKLİL TOPAL,X Bank,TR325412179,VOLKAN IŞIKALAN
7/10/2023 23:15:59,32104,EUR,1498,H,TR898990267,215379166,ÜMİT ALTINBOĞA,X Bank,TR238509530,İKLİL AKSOY
7/10/2023 23:17:59,41465,EUR,1706,H,TR898428071,215826235,MUKADDES ÖDEN,X Bank,TR772119917,REZAN ÖZTÜRK
7/10/2023 23:19:59,47683,TL,1861,H,TR898415853,218173631,GÜLEN ECE KABACAOĞLU,X Bank,TR938697982,ÖZLEM AKCAN PAKSOY
7/10/2023 23:21:59,39824,EUR,1677,H,TR898286945,218195260,TALHA TALAN,X Bank,TR939629507,REFİK KEBAPCILAR
7/10/2023 23:23:59,45094,USD,1799,H,TR898073366,220602800,REFİK YAZICI EROL,X Bank,TR886283760,TÜMAY YENİDOĞAN
7/10/2023 23:25:59,16103,USD,1134,H,TR897062593,220780986,LEVENT ŞİMŞEK,X Bank,TR931630331,GÖKHAN AK
7/10/2023 23:27:59,37606,TL,1635,H,TR895233649,221616402,İLKNUR ÖZDEMİR,X Bank,TR705555626,METE KARA
7/10/2023 23:29:59,32818,USD,1512,H,TR893531138,221668261,ÜMİT KULAK GEDİK,X Bank,TR324682983,EZGİ YILMAZ İNAL
7/10/2023 23:31:59,49536,TL,1908,H,TR893086932,221925262,AYLİA TANTEKİN,X Bank,TR214420136,TARKAN GÜLŞAN
7/10/2023 23:33:59,19066,EUR,1194,H,TR892792426,226419483,ASLI YILMAZ,X Bank,TR916133715,ERSEN SAÇLI
7/10/2023 23:35:59,32199,USD,1502,H,TR890921938,226932378,ÖZLEM AKCAN PAKSOY,X Bank,TR247642498,FERHAN ARSLAN
7/10/2023 23:37:59,20462,EUR,1220,H,TR889962233,227691886,MURAT KARTAL,X Bank,TR234044797,ŞEYMA KARTAL
7/10/2023 23:39:59,32834,TL,1513,H,TR889128760,228043755,NAFİYE ERYAVUZ,X Bank,TR201045276,ZÜHAL GÜLSÜM ÖZDEMİR
7/10/2023 23:41:59,14556,USD,1097,H,TR887994613,228631840,MELİA YILDIZ,X Bank,TR808285349,ÖZGÜR AKPINAR
7/10/2023 23:43:59,21539,TL,1249,H,TR887862884,229663489,REFİK AKCAN ATASOY,X Bank,TR807311817,METE AKSAKAL
7/10/2023 23:45:59,37316,TL,1624,H,TR886283760,230980036,SEDEF TUTAŞ,X Bank,TR716025294,PAPATYA KABİL KUCUR
7/10/2023 23:47:59,30762,EUR,1472,H,TR886247026,231307929,EBRU KORKMAZ,X Bank,TR962363933,MUHAMMED ALİ ÜLGER
7/10/2023 23:49:59,44380,USD,1779,H,TR884752792,233255877,TUĞÇE BARÇAK,X Bank,TR379330377,ÖMER FARUK KÖSE
7/10/2023 23:51:59,39700,USD,1674,H,TR884013034,234307700,EMEL DEMİRHAN,X Bank,TR872624662,MEHMET GÖKALP
7/10/2023 23:53:59,43240,USD,1751,H,TR882943091,234371903,MEHMET GİRAY,X Bank,TR365384740,SEMRA ÜNAL
7/10/2023 23:55:59,40676,TL,1688,H,TR882566314,239117598,ÖZLEM YURTLU,X Bank,TR733454406,ATAKAN BULUT
7/10/2023 23:57:59,39862,EUR,1680,H,TR882453420,239285216,DENİZ GERİLMEZ,X Bank,TR914239603,ÖZDEN GÜNDÜZ
7/10/2023 23:59:59,28210,USD,1403,H,TR881978214,241901777,ÜMİT MERDEN,X Bank,TR469809324,MEHMET ÇINKIR
8/10/2023 00:01:59,26546,EUR,1364,H,TR881775941,242449376,MUSTAFA ÇALIŞKANTÜRK,X Bank,TR259227134,MUSTAFA KADAK
8/10/2023 00:03:59,41520,TL,1709,H,TR880896617,242573746,İKLİL YÜCE,X Bank,TR511532141,NAZIM ÖNDER SİVİŞ
8/10/2023 00:05:59,43120,USD,1747,H,TR879521278,243295450,SALİM UZ,X Bank,TR715651202,ÖZLEM KAYMAN KÖSE
8/10/2023 00:07:59,29695,TL,1439,H,TR878907169,243720321,ZÜLFİYE SEÇİR,X Bank,TR619286520,ŞÜKRÜ AKYOL
8/10/2023 00:09:59,35289,TL,1560,H,TR878781586,243891127,IRAZCA IŞIK,X Bank,TR126086876,ZAFER YILMAZ
8/10/2023 00:11:59,47770,USD,1864,H,TR878688440,245318686,PAPATYA BOZKURT,X Bank,TR546912380,GÜLSÜM DAM
8/10/2023 00:13:59,24468,USD,1314,H,TR876766917,247770252,REFİK SARI,X Bank,TR878688440,HÜSEYİN YAVUZ ERGE
8/10/2023 00:15:59,31557,TL,1488,H,TR875701521,247919016,SEVGİ CÖMERT,X Bank,TR196504332,MAHMUT KANDEMİR
8/10/2023 00:17:59,33366,EUR,1522,H,TR875499067,249861815,MUSTAFA KAYA,X Bank,TR510479921,AYŞEGÜL ÖĞÜT AYDIN
8/10/2023 00:19:59,24092,USD,1303,H,TR875265489,250010394,ERSAGUN ERDEN,X Bank,TR770691858,SERKAN AKPINAR
8/10/2023 00:21:59,45711,EUR,1815,H,TR874201916,250758736,ÖZLEM KURT,X Bank,TR969787953,VOLKAN GÜLŞEN
8/10/2023 00:23:59,24584,EUR,1320,H,TR873211129,252104627,TUBA HANIM GÜL,X Bank,TR570464464,ERSEN TALAS
8/10/2023 00:25:59,35412,TL,1563,H,TR872912800,252310316,MELİA GİRAY,X Bank,TR500260815,EMİNE ÖZDEMİR
8/10/2023 00:27:59,26202,TL,1358,H,TR872624662,253013747,HANDE YURT,X Bank,TR670375477,BERFİN ÇİPE
8/10/2023 00:29:59,42427,EUR,1731,H,TR872362283,253095967,PAPATYA BAŞKAN VURALKAN,X Bank,TR653995242,ALİ ŞEN
8/10/2023 00:31:59,32110,EUR,1499,H,TR871366012,254076735,HÜMEYRA ÇETİN,X Bank,TR927542333,MUSTAFA ARİF BAŞKAN VURALKAN
8/10/2023 00:33:59,22394,EUR,1264,H,TR871061286,254208070,ONAT SARI,X Bank,TR680160102,KALENDER TOPAL
8/10/2023 00:35:59,24517,USD,1318,H,TR868491618,255490922,VOLKAN ERGE,X Bank,TR129401519,MURAT AYDOĞAN
8/10/2023 00:37:59,23985,EUR,1297,H,TR867856445,255806102,GÖKHAN YURDAM,X Bank,TR430975141,DENİZ GERİLMEZ
8/10/2023 00:39:59,28741,USD,1417,H,TR867156688,256238803,FERHAN ULUBAŞOĞLU,X Bank,TR539742967,MURAT ÇETİN
8/10/2023 00:41:59,36569,TL,1598,H,TR866019250,256713902,MEHRİ GEDİK YILMAZ,X Bank,TR728787403,SULTAN SEVEN
8/10/2023 00:43:59,19578,USD,1203,H,TR865060870,259150575,DENİZ ASLAN,X Bank,TR776599171,BENHUR ŞİRVAN TAŞKIN
8/10/2023 00:45:59,36829,TL,1612,H,TR862999092,260054753,GÖKHAN GENÇPINAR,X Bank,TR593254019,METE ŞATIROĞLU
8/10/2023 00:47:59,10729,USD,1010,H,TR862490720,262459560,FUNDA ENGİZ,X Bank,TR889962233,MELTEM EROL
8/10/2023 00:49:59,31414,TL,1485,H,TR862349965,263157608,SEÇKİN GİDER,X Bank,TR464900807,AYDOĞAN KİREÇÇİ
8/10/2023 00:51:59,31792,EUR,1494,H,TR861309094,264038481,EMİNE BODUROĞLU,X Bank,TR688370739,MEHMET BATÇIK
8/10/2023 00:53:59,43193,USD,1749,H,TR860098663,264411276,EMİNE CENGİZ,X Bank,TR898415853,MELİA GİRAY
8/10/2023 00:55:59,44727,EUR,1787,H,TR859879713,264553839,BALA BAŞAK SERTKAYA,X Bank,TR948683169,ALİ SEÇKİN ÖZSOY
8/10/2023 00:57:59,45215,USD,1802,H,TR859476797,265322556,SELÇUK YILMAZ,X Bank,TR895233649,DEMET ÇIRAKOĞLU
8/10/2023 00:59:59,16169,USD,1137,H,TR858892855,267952249,ŞULE MİNE ENGİZ,X Bank,TR557787078,EMEL CENNET ASLANKARA
8/10/2023 01:01:59,34777,TL,1547,H,TR858854039,270339181,DENİZ KESKİN,X Bank,TR804880882,MEHMET AKCAN PAKSOY
8/10/2023 01:03:59,33141,EUR,1520,H,TR856263279,270689655,EMİNE KOYUNCU,X Bank,TR135167536,SENEM PİRİM
8/10/2023 01:05:59,33424,USD,1524,H,TR856193424,270922307,ERSEN ŞATIR ERTEM,X Bank,TR786929768,İKLİL KUTLUYURDU
8/10/2023 01:07:59,24020,USD,1300,H,TR855883386,271557761,ZEKERİYA BABACAN,X Bank,TR977134616,İKLİL CELİLOĞLU
8/10/2023 01:09:59,39407,TL,1668,H,TR855752345,272136674,ÜMİT YERAL,X Bank,TR848828906,AHMET DEMİREL
8/10/2023 01:11:59,29085,USD,1422,H,TR855380666,272490169,SELÇUK AYDIN,X Bank,TR136901665,MEHMET ÖZDEMİRKIRAN
8/10/2023 01:13:59,31303,EUR,1481,H,TR855286050,274171530,MEHMET HÜSEYİN ALIMLI,X Bank,TR218386528,RABİA AKINCI
8/10/2023 01:15:59,40870,TL,1692,H,TR854422906,278140546,EMİNE ABSEYİ,X Bank,TR369936832,MEHTAP KORKMAZ
8/10/2023 01:17:59,46389,TL,1832,H,TR851240800,279021377,MELİA YÜKSEL,X Bank,TR510480867,HATİCE NİLDEN ÖZÇAY
8/10/2023 01:19:59,27775,TL,1397,H,TR850078371,280108393,MURAT ÇETİN,X Bank,TR377800845,SAMET BUDUNOĞLU
8/10/2023 01:21:59,30231,EUR,1458,H,TR849935174,280693142,ŞAHABETTİN GAZETECİ TEKİN,X Bank,TR363645528,ABDULKADİR BEYOĞLU
8/10/2023 01:23:59,40848,USD,1691,H,TR848828906,281346719,İKLİL GAYRETLİ AYDIN,X Bank,TR481118752,BÜLENT KARABAĞ
8/10/2023 01:25:59,27079,TL,1378,H,TR848798682,282991245,EMRE ABACIOĞLU,X Bank,TR533075649,CEYHAN ERGİNEL
8/10/2023 01:27:59,22029,EUR,1258,H,TR848075219,284062065,GÜLİZ UĞUZ,X Bank,TR597048237,ZÜHAL GÜLSÜM ÇAY
8/10/2023 01:29:59,29052,EUR,1421,H,TR846324350,284657641,FADİME SEVGİ TAYYAR,X Bank,TR842163264,DENİZ SARP
8/10/2023 01:31:59,30199,EUR,1457,H,TR846251443,285631183,NURDAN ALKURT KAYIKÇI,X Bank,TR198581151,AHMET GÖKHAN BOZKURTER
8/10/2023 01:33:59,19728,EUR,1206,H,TR845454709,286011674,SALİM BALSAK,X Bank,TR409840981,PAPATYA KAYAOĞLU
8/10/2023 01:35:59,26900,USD,1374,H,TR844275050,287834503,BÜNYAMİN DEDE,X Bank,TR900484948,ZELİHA VURAL
8/10/2023 01:37:59,49856,EUR,1916,H,TR843523691,288927485,İLKER YILMAZ,X Bank,TR871366012,LATİFE TAŞ
8/10/2023 01:39:59,36122,TL,1582,H,TR842163264,291024416,DİLEK BELGEMEN,X Bank,TR431550419,İBRAHİM TAYFUN EKİZ
8/10/2023 01:41:59,36861,TL,1614,H,TR841799658,291811174,İLKNUR TÜLÜCE,X Bank,TR710679087,MUSTAFA AKYOL
8/10/2023 01:43:59,43270,EUR,1753,H,TR841009549,293376874,METE AKSAKAL,X Bank,TR489544616,BALA BAŞAK SERTKAYA
8/10/2023 01:45:59,13768,EUR,1083,H,TR837018474,293747636,ŞAFAK SÜL,X Bank,TR849935174,HÜMEYRA ARSLAN KAŞDOĞAN
8/10/2023 01:47:59,11714,TL,1040,H,TR837002778,294983123,SERDAR KUTLUYURDU,X Bank,TR386676512,MEHMET KÖKSOY
8/10/2023 01:49:59,26574,TL,1365,H,TR836815264,297121622,HÜMEYRA DİLLİ,X Bank,TR981744633,ZÜHAL GÜLSÜM BAŞYURT
8/10/2023 01:51:59,27033,TL,1377,H,TR834888546,297726459,İPEK EVİK,X Bank,TR350054543,FULYA AYIK
8/10/2023 01:53:59,20583,EUR,1222,H,TR833372408,298307125,SEVGÜL ÖZTÜRK,X Bank,TR876766917,MEHMET ATİK
8/10/2023 01:55:59,25460,EUR,1336,H,TR832294923,299170276,HÜSEYİN CAHİT MURT,X Bank,TR936062052,REFİK IŞIK
8/10/2023 01:57:59,46404,TL,1833,H,TR831581632,299341944,ZÜHAL GÜLSÜM ÇAY,X Bank,TR569178469,ATAKAN ŞAHİN
8/10/2023 01:59:59,38026,EUR,1641,H,TR830512903,300113205,MUSTAFA AKYOL,X Bank,TR208159194,FERHAN VURAL
8/10/2023 02:01:59,36243,TL,1583,H,TR828175661,301755862,GÖKHAN ELLİALTI,X Bank,TR307863316,ERSEN AKGÜL
8/10/2023 02:03:59,44696,USD,1786,H,TR826480096,302171612,ŞERMİN ÖZÇELİK ORAL,X Bank,TR519810947,İLKNUR TÜLÜCE
8/10/2023 02:05:59,17577,EUR,1164,H,TR825572910,302283164,MELİA GÜMÜŞAY,X Bank,TR204603904,FADİME SEVGİ TAYYAR
8/10/2023 02:07:59,29226,USD,1428,H,TR824738250,303358426,ERSEN KADI,X Bank,TR335099085,FEYZAHAN ARIKAN YORGUN
8/10/2023 02:09:59,30912,TL,1477,H,TR824544567,303654965,MEHTAP BAYRAM,X Bank,TR767368490,AYLİA ORHAN
8/10/2023 02:11:59,32056,USD,1497,H,TR823829750,303924863,FERHAN VURAL,X Bank,TR905816387,İBRAHİM BALABAN
8/10/2023 02:13:59,38569,EUR,1653,H,TR821568755,304279870,FADİME SEVGİ YAMAN,X Bank,TR757818594,KEZBAN KÖYLÜ
8/10/2023 02:15:59,22020,TL,1257,H,TR820308932,306730508,MEHMET KAYA,X Bank,TR268265946,METİN ÖZTÜRK
8/10/2023 02:17:59,15586,EUR,1124,H,TR820287837,307484933,SELÇUK AKIN,X Bank,TR957547056,IŞIL UZUN
8/10/2023 02:19:59,12271,USD,1049,H,TR820044961,310085493,ÖZLEM BİLGİÇ,X Bank,TR858892855,KERİM KABA
8/10/2023 02:21:59,26974,USD,1376,H,TR818747058,311406457,GÖKHAN AK,X Bank,TR623632705,YASİN HEPKAYA
8/10/2023 02:23:59,11788,EUR,1041,H,TR818362241,312763523,İLKNUR ERTÜRKLER,X Bank,TR139402766,METE TÜTEN
8/10/2023 02:25:58,37319,TL,1625,H,TR818014068,312841946,BARIŞ ÖZÇELİK,X Bank,TR494821381,HALE TOHUMOĞLU
8/10/2023 02:27:58,37292,USD,1623,H,TR817746274,312912293,MERİH KESİM,X Bank,TR855380666,FERHAN BERK
8/10/2023 02:29:58,45638,TL,1813,H,TR815144124,315442087,RENGİN ASLIHAN SAYIN,X Bank,TR596711351,ATAKAN PAKÖZ
8/10/2023 02:31:58,39830,EUR,1678,H,TR814159317,315671725,HAŞİM ONUR HALHALLI,X Bank,TR787613749,REFİK KAYA
8/10/2023 02:33:58,38511,USD,1652,H,TR812255541,315751417,FERDİ ASLAN,X Bank,TR347034547,ÖZLEM SAYGIN
8/10/2023 02:35:58,47873,USD,1866,H,TR810920779,318141936,SİNAN ÖZTÜRK,X Bank,TR699327561,ASLI YILMAZ
8/10/2023 02:37:58,32112,TL,1500,H,TR809214460,318884986,ERSEN IŞIK,X Bank,TR967383010,YASER KUCUR TÜLÜBAŞ
8/10/2023 02:39:58,40152,USD,1683,H,TR808516006,320674218,YAVUZ AYHAN,X Bank,TR449463030,NEVİN ÖNEY KURNAZ
8/10/2023 02:41:58,47457,TL,1855,H,TR808285349,321052034,LEVENT AYHAN,X Bank,TR872362283,SEDA YILDIZ ALTUN
8/10/2023 02:43:58,44583,TL,1784,H,TR807986979,321140214,EMİNE TARLAN,X Bank,TR824738250,FERDİ ASLAN
8/10/2023 02:45:58,12400,EUR,1050,H,TR807359429,321147621,ATAKAN TUĞCUGİL,X Bank,TR831581632,LEVENT DEĞİRMENCİ
8/10/2023 02:47:58,45228,USD,1804,H,TR807311817,322021111,ERSEN AKIN,X Bank,TR497426704,ÖZLEM MUTLU
8/10/2023 02:49:58,39130,TL,1662,H,TR806158913,322244982,VOLKAN TAHTACI,X Bank,TR762843802,DENİZ ASLAN
8/10/2023 02:51:58,46062,USD,1822,H,TR805569327,322410203,HATİCE ÖZER,X Bank,TR392832478,ŞAFAK SÜL
8/10/2023 02:53:58,49670,USD,1911,H,TR805444737,323170312,HÜMEYRA BOLAT,X Bank,TR506228394,ŞULE MİNE ENGİZ
8/10/2023 02:55:58,38956,TL,1660,H,TR804880882,323703985,OSMAN TURGUT ALAY,X Bank,TR166604634,SERKAN AYTEKİN
8/10/2023 02:57:58,22779,TL,1276,H,TR804311369,324156633,GÖKHAN SEVER,X Bank,TR318102057,ÜMİT KULAK GEDİK
8/10/2023 02:59:58,10101,USD,1002,H,TR803428003,324709516,MEHMET ALTUNTAŞ,X Bank,TR578289056,FEVZİ FIRAT ÖVEN USTAALİOĞLU
8/10/2023 03:01:58,35425,USD,1564,H,TR803219917,325428870,FATİH TAHTACI,X Bank,TR170039783,AYŞEN TUNCEL
8/10/2023 03:03:58,29950,TL,1451,H,TR803197347,325695806,ESİN KADAK,X Bank,TR118125797,PINAR CİRİT KOÇER
8/10/2023 03:05:58,24011,TL,1299,H,TR802886899,326106973,BERÇEM ÇELİK,X Bank,TR480611070,SİBEL ÖZÇELİK
8/10/2023 03:07:58,12637,USD,1057,H,TR800633470,328432175,REŞAT TARKAN,X Bank,TR491199327,HÜMEYRA YILDIRIM
8/10/2023 03:09:58,13021,USD,1070,H,TR800457534,329913688,AYŞEGÜL BAYSOY,X Bank,TR329871952,ÖZGÜL YILDIRIM
8/10/2023 03:11:58,12572,TL,1056,H,TR797898659,330001010,ÜMİT BARBAROS,X Bank,TR882943091,BURCU BAŞKAN
8/10/2023 03:13:58,14609,USD,1100,H,TR795889398,334577863,FUAT BÜYÜKCAM,X Bank,TR467585971,ÖZLEM KARAOĞLU
8/10/2023 03:15:58,39835,EUR,1679,H,TR795485691,336231170,EMİNE ÖZDEMİR,X Bank,TR682784855,VOLKAN CAMCI
8/10/2023 03:17:58,43291,TL,1754,H,TR793346014,337825333,YILMAZ TEMEL,X Bank,TR418018861,ZÜHAL GÜLSÜM YAVAŞİ
8/10/2023 03:19:58,33449,TL,1527,H,TR793282261,337860076,FERHAN SAVAŞ,X Bank,TR898990267,MEHMET YARBİL
8/10/2023 03:21:58,48361,TL,1879,H,TR792998458,338735845,PAPATYA KABİL KUCUR,X Bank,TR662449726,ZÜMRÜT ELA YILDIRIM
8/10/2023 03:23:58,24770,TL,1322,H,TR792768403,340788600,MURAT SARAÇOĞLU,X Bank,TR386229862,TESLİME NAZLI ÜZER
8/10/2023 03:25:58,48120,EUR,1872,H,TR792544485,341575762,HÜMEYRA KARAMAN,X Bank,TR716863756,ÖZGÜR SİNAN KILAÇ
8/10/2023 03:27:58,47950,EUR,1867,H,TR792418511,341634111,BARIŞ ÖZDEMİR,X Bank,TR561926527,MUSTAFA AKÇALI
8/10/2023 03:29:58,33468,EUR,1528,H,TR792241456,343093063,BENHUR ŞİRVAN TAŞKIN,X Bank,TR311340964,AYDIN YİĞİT KUPLAY
8/10/2023 03:31:58,15472,EUR,1121,H,TR790065124,344334113,ERAY ERDEM ÖZCAN,X Bank,TR591590931,GÜLDEHEN KILIÇ
8/10/2023 03:33:58,14400,EUR,1093,H,TR789514857,344596971,MUSTAFA DEMİR,X Bank,TR222493613,BERÇEM ÇELİK
8/10/2023 03:35:58,22485,EUR,1268,H,TR788674863,345087653,MEHTAP YİĞİT KUPLAY,X Bank,TR313918663,MUSTAFA SARAÇOĞLU ÇEKİÇ
8/10/2023 03:37:58,12024,EUR,1043,H,TR787613749,345698363,MEHTAP YILDIRIM,X Bank,TR442164507,BEDRİYE MÜGE YÜCEL
8/10/2023 03:39:58,49777,EUR,1913,H,TR786929768,345931733,FERHAN BERK,X Bank,TR621559750,GÖKTEN METİNEREN
8/10/2023 03:41:58,42497,TL,1732,H,TR786917981,346431595,BERİL GÜLÜŞ YENİN,X Bank,TR615944126,FADİME SEVGİ YİĞİT
8/10/2023 03:43:58,47198,EUR,1851,H,TR786158594,347293197,ZÜHAL GÜLSÜM KARAHAN,X Bank,TR718959481,SELMA GÜLER
8/10/2023 03:45:58,33224,TL,1521,H,TR784855422,348715537,BAŞAK ERDOĞAN,X Bank,TR916822421,İLKNUR SEVER
8/10/2023 03:47:58,38636,EUR,1655,H,TR784713261,348822538,KEZBAN KÖYLÜ,X Bank,TR140835291,ABDULLAH ÜNSAL
8/10/2023 03:49:58,26011,TL,1352,H,TR782601112,348938142,PINAR YİĞİT,X Bank,TR286629093,FATİH ATEŞ
8/10/2023 03:51:58,39156,USD,1663,H,TR782353772,349648097,AYLİA ASLAN,X Bank,TR640485868,ONAT SARI
8/10/2023 03:53:58,35166,TL,1557,H,TR779562065,349995530,AYŞE KAZANCI,X Bank,TR921045375,ÖMÜR DİLEK
8/10/2023 03:55:58,37448,TL,1630,H,TR776599171,351177114,ÖZGÜR KAYAYURT,X Bank,TR992883017,MUSTAFA AKIN
8/10/2023 03:57:58,48159,USD,1874,H,TR773395113,355063833,ORHAN AKSEL,X Bank,TR596170475,SEZGİ BULUT
8/10/2023 03:59:58,35812,EUR,1573,H,TR772988800,355410167,LATİFE TAŞ,X Bank,TR260569469,ŞERMİN OLPAK
8/10/2023 04:01:58,26438,TL,1363,H,TR772119917,355563582,BATURAY KANSU MEMETOĞLU,X Bank,TR929052685,PAPATYA BAŞKAN VURALKAN
8/10/2023 04:03:58,40991,EUR,1695,H,TR771294019,357717139,TUBA SELÇUK,X Bank,TR623645325,FERHAN SAVAŞ
8/10/2023 04:05:58,16260,USD,1138,H,TR770691858,358942588,FERHAN MALÇOK,X Bank,TR220278253,LEYLA AHISKALI
8/10/2023 04:07:58,47480,TL,1856,H,TR770157954,359425083,DENİZ YENİDOĞAN,X Bank,TR911838199,MÜCELLA SAĞDIK
8/10/2023 04:09:58,15885,USD,1130,H,TR769792166,361236834,SERDAR AVCI,X Bank,TR760185667,İLKNUR ÖZDEMİR
8/10/2023 04:11:58,21427,USD,1246,H,TR769319376,361952060,ATAKAN ERGİNEL,X Bank,TR587395427,SALİM YALÇIN
8/10/2023 04:13:58,25204,USD,1330,H,TR768606738,362442835,SELMA GÜLER,X Bank,TR400216799,VOLKAN SANHAL
8/10/2023 04:15:58,43032,EUR,1743,H,TR767892995,363775443,FADİME SEVGİ YİĞİT,X Bank,TR786917981,YUSUF KENAN ALDİNÇ
8/10/2023 04:17:58,49023,USD,1899,H,TR767368490,363921767,MEHMET ALDİNÇ,X Bank,TR537383010,AYLİA ASLAN
8/10/2023 04:19:58,24024,USD,1301,H,TR766311340,364176247,AYŞEN TUNCEL,X Bank,TR444325525,EMİNE MUMCUOĞLU
8/10/2023 04:21:58,34577,EUR,1541,H,TR764084815,364248316,VOLKAN ÇELİK,X Bank,TR277365884,GÜRKAN UYĞUN
8/10/2023 04:23:58,44275,USD,1776,H,TR763696893,366187580,GÜLSEREN KARACA,X Bank,TR258911901,AYKAN GÜLŞEN
8/10/2023 04:25:58,41889,TL,1723,H,TR762843802,366442344,HASAN BARBAROS,X Bank,TR800633470,ELİF ÖZCAN
8/10/2023 04:27:58,36781,USD,1608,H,TR760794488,366800822,MEHMET YENİÇERİ,X Bank,TR412578643,METE ÖNVERMEZ
8/10/2023 04:29:58,26661,USD,1367,H,TR760185667,367506410,MEHMET ALİ AYHAN,X Bank,TR836815264,ELİF OLPAK
8/10/2023 04:31:58,15087,TL,1116,H,TR759927904,368630848,KUBİLAY YÜZBAŞIOĞLU,X Bank,TR175344905,EVRİM GAYRETLİ AYDIN
8/10/2023 04:33:58,19014,EUR,1193,H,TR758195823,368837517,GÖKHAN KUCUR TÜLÜBAŞ,X Bank,TR859879713,GÖKHAN ÇETİN
8/10/2023 04:35:58,43594,USD,1762,H,TR757818594,369434566,EZGİ YILMAZ İNAL,X Bank,TR739614744,LEVENT ŞELİMAN
8/10/2023 04:37:58,34332,EUR,1537,H,TR757276529,369547316,SALİM GERDAN,X Bank,TR605433390,NURDAN ALKURT KAYIKÇI
8/10/2023 04:39:58,47493,TL,1857,H,TR752690353,370199384,SİBEL USTA GÜÇ,X Bank,TR251760365,ŞULE MİNE HANCIOĞLU
8/10/2023 04:41:58,44660,TL,1785,H,TR752440587,370219293,BİRSEN SÖNMEZ,X Bank,TR704571327,ERKAN ÖCALAN
8/10/2023 04:43:58,29669,USD,1437,H,TR752371621,371871431,ZÜHAL GÜLSÜM YÜCEL,X Bank,TR882566314,TUBA YANNİ
8/10/2023 04:45:58,43342,USD,1756,H,TR751725763,372001298,NURDAN KILIÇ,X Bank,TR664964070,HÜMEYRA YÜKSEL
8/10/2023 04:47:58,22946,TL,1281,H,TR751461590,374081334,İLKNUR SÜRMEN AKYOL,X Bank,TR297529990,ERGÜN KULAÇ
8/10/2023 04:49:58,20236,EUR,1215,H,TR750356073,374500775,SEVİL BALCI,X Bank,TR236670048,REFİK DOĞAN
8/10/2023 04:51:58,45356,EUR,1806,H,TR749175916,375242634,VELİ ENES ÖZEKLİ MISIRLIOĞLU,X Bank,TR387991208,ZÜHAL GÜLSÜM ÇOBANOĞLU
8/10/2023 04:53:58,22759,EUR,1274,H,TR748864539,375328895,NİHAL BUĞRUL,X Bank,TR942765576,MUSTAFA KÖKSAL
8/10/2023 04:55:58,12529,EUR,1055,H,TR748829491,375735952,AYKAN GÜLŞEN,X Bank,TR736837752,GÖKHAN ÇİLDİR
8/10/2023 04:57:58,44736,TL,1788,H,TR748609061,376521491,METE TÜTEN,X Bank,TR945972378,FEZA DOĞAN
8/10/2023 04:59:58,43652,USD,1764,H,TR748090494,376826045,FADİME SEVGİ AYMAN,X Bank,TR875499067,ZEYNEP GÖKÇE GÜNEY KOCABAŞ
8/10/2023 05:01:58,32602,EUR,1506,H,TR745153025,376939178,TUĞSEM ERASLAN,X Bank,TR472133302,ŞULE MİNE ÖZTÜRK
8/10/2023 05:03:58,23998,USD,1298,H,TR743164123,378135525,OSMAN ERSEGUN HANCIOĞLU,X Bank,TR992065795,KUBİLAY ŞİRZAİ
8/10/2023 05:05:58,47453,EUR,1854,H,TR741202499,379743452,MUSTAFA GENÇ,X Bank,TR404592371,MEHMET GÜRDAL
8/10/2023 05:07:58,17826,USD,1171,H,TR740278339,381367836,PAPATYA ÖNER,X Bank,TR538131855,COŞKUN YALÇIN
8/10/2023 05:09:58,12026,TL,1044,H,TR740273075,383779239,İKLİL AKSOY,X Bank,TR498133238,SAMİ FIRAT
8/10/2023 05:11:58,15175,TL,1117,H,TR739614744,386416732,VELAT GÜNDOĞDU,X Bank,TR516757319,ENGİN AYDOĞAN
8/10/2023 05:13:58,14591,USD,1098,H,TR739117236,386856434,SERDAR ÖZKAN,X Bank,TR834888546,FİLİZ KARAMANLI
8/10/2023 05:15:58,28212,EUR,1404,H,TR738725760,387058331,FERHAN KARAALP,X Bank,TR479614256,İLKAY YARAR
8/10/2023 05:17:58,18215,USD,1177,H,TR737995503,387074080,AYŞEGÜL ÖĞÜT AYDIN,X Bank,TR506310696,MAHMUT DEMİR GÖÇMEN
8/10/2023 05:19:58,18317,TL,1179,H,TR736837752,387358261,SERKAN AKPINAR,X Bank,TR189599620,ÜMİT YILMAZ İNAL
8/10/2023 05:21:58,12922,USD,1068,H,TR735681335,389275869,LEZİZ EREN,X Bank,TR152472359,KENAN POLAT ÇİÇEK
8/10/2023 05:23:58,29756,EUR,1441,H,TR734332279,392067601,ÖZGÜR CÖMERT,X Bank,TR749175916,ESRA KURT
8/10/2023 05:25:58,27274,EUR,1384,H,TR733894728,393382522,ALMALA PINAR GÖZKAYA,X Bank,TR576288690,AYLİA KILIÇ
8/10/2023 05:27:58,28393,TL,1409,H,TR733454406,393716810,MELTEM İÇBAY,X Bank,TR621015339,NALAN YAVUZ
8/10/2023 05:29:58,36660,EUR,1600,H,TR733299022,395463819,YAŞAR GÖKHAN BERK,X Bank,TR825572910,MUSTAFA NAFİZ KURTULUŞ
8/10/2023 05:31:58,36874,TL,1615,H,TR730820080,397754338,SERHAT ONUK,X Bank,TR917003539,İBRAHİM AVCIOĞLU
8/10/2023 05:33:58,16991,EUR,1153,H,TR728924466,398031329,NURSEL BIÇAKÇI,X Bank,TR656296885,SALİM ÇALIŞKANTÜRK
8/10/2023 05:35:58,17633,EUR,1166,H,TR728787403,399321586,MURAT AYDOĞAN,X Bank,TR859476797,ENDER KARACAN ERŞEKERCİ
8/10/2023 05:37:58,45137,USD,1800,H,TR727646643,400632619,DEMET ÇIRAKOĞLU,X Bank,TR212680154,CENK ERGÜLÜ EŞMEN
8/10/2023 05:39:58,10974,TL,1021,H,TR726474601,401300376,BARIŞ DEMİRAY,X Bank,TR881775941,EBRU ACARBULUT
8/10/2023 05:41:58,14393,EUR,1092,H,TR723059916,401642463,MUSTAFA ARİF BAŞKAN VURALKAN,X Bank,TR672112556,FATİH ELLİALTI
8/10/2023 05:43:58,30669,USD,1471,H,TR722027878,402408065,ZÜHAL GÜLSÜM DEMİRGAN,X Bank,TR162259915,GÜLDEN KARAKURT
8/10/2023 05:45:58,26299,TL,1360,H,TR720708938,404079041,NURAY KAZBEK,X Bank,TR421359586,İKLİL DESTEGÜL
8/10/2023 05:47:58,24453,EUR,1313,H,TR720356131,405297002,DİANA BAŞMAN,X Bank,TR887862884,DERAM ALTUN
8/10/2023 05:49:58,45405,TL,1808,H,TR718959481,405732057,NURAY SADİ AYKAN,X Bank,TR645150732,EVRE KARAGÖZ
8/10/2023 05:51:58,28722,EUR,1416,H,TR718585202,405986016,İLKER TUNCER,X Bank,TR970908300,MURAT SAĞLAM
8/10/2023 05:53:58,32870,TL,1514,H,TR718254988,406608916,ÖZGE SAF,X Bank,TR573857239,FERHAN KAPLAN
8/10/2023 05:55:58,45826,USD,1819,H,TR716863756,406700044,ATAKAN PAKÖZ,X Bank,TR181524600,FUAT OFLAZ
8/10/2023 05:57:58,17045,TL,1157,H,TR716025294,408598013,ÖZGÜR AKPINAR,X Bank,TR621757793,ÖZGE SAF
8/10/2023 05:59:58,41527,USD,1710,H,TR715651202,408674815,YILDIZ DEMİRGAN,X Bank,TR400426854,ŞERMİN YENİGÜN
8/10/2023 06:01:58,45665,EUR,1814,H,TR715455473,408715818,SALİM KARTAL,X Bank,TR987994386,ÜMİT ÖZDEMİR
8/10/2023 06:03:58,13981,EUR,1088,H,TR715145023,409268473,SELÇUK GİDER,X Bank,TR640545524,ERSEN HAVAS
8/10/2023 06:05:58,46868,TL,1844,H,TR713971958,409273695,HÜMEYRA YILDIRIM,X Bank,TR792998458,FERHAN KARAALP
8/10/2023 06:07:58,32710,EUR,1509,H,TR712985377,410015139,ZÜHAL GÜLSÜM ANIK,X Bank,TR656085708,HATİCE BÖLÜK
8/10/2023 06:09:58,20802,TL,1229,H,TR712507263,410056393,HÜMEYRA KAYA,X Bank,TR211689448,ŞERMİN UYANIK
8/10/2023 06:11:58,15331,USD,1119,H,TR711853055,410858726,MURAT KOÇ,X Bank,TR914675501,MESUT KUMRAL
8/10/2023 06:13:58,27142,TL,1381,H,TR710679087,413750600,HATİCE NİLDEN ÖZÇAY,X Bank,TR555389217,MEHMET GİRAY
8/10/2023 06:15:58,27118,USD,1379,H,TR708462730,414017204,İLKER AKŞAHİN,X Bank,TR354221039,FATİH TAHTACI
8/10/2023 06:17:58,41850,USD,1721,H,TR707951891,414691997,ŞULE MİNE CANACANKATAN,X Bank,TR253293794,MUSTAFA DEMİRTAŞ
8/10/2023 06:19:58,28359,USD,1408,H,TR707234662,414900428,İKLİL KUTLUYURDU,X Bank,TR792418511,SİBEL TOPALOĞLU
8/10/2023 06:21:58,25181,EUR,1329,H,TR706896484,416350858,DENİZ KUTLUCAN BAĞCI,X Bank,TR237068926,NURAY SADİ AYKAN
8/10/2023 06:23:58,41686,USD,1715,H,TR706190633,416410511,ZÜHAL GÜLSÜM KOÇ,X Bank,TR445526424,EMİNE BOZKURTER
8/10/2023 06:25:58,30511,EUR,1466,H,TR706131574,416641947,ASUDAN TUĞÇE MERCAN,X Bank,TR679224041,HACI MURAT UZUN
8/10/2023 06:27:58,40158,EUR,1684,H,TR705885367,418070076,NAZIM ÖNDER SİVİŞ,X Bank,TR465374743,MELİA YÜCETÜRK
8/10/2023 06:29:58,36698,TL,1604,H,TR705555626,418764832,ŞULE MİNE YANCAR,X Bank,TR279242906,ESMA ÖZLEM AYDIN
8/10/2023 06:31:58,30821,EUR,1475,H,TR705150999,418965263,ENGİN AYDOĞAN,X Bank,TR469726933,KUBİLAY YÜZBAŞIOĞLU
8/10/2023 06:33:58,16651,USD,1142,H,TR704820171,420594716,HANDE YILMAZ ÇİFTDOĞAN,X Bank,TR848075219,MURAT YILDIZ
8/10/2023 06:35:58,10632,USD,1009,H,TR704571327,422309332,SELDA YILDIRIM,X Bank,TR673446793,İSMAİL KÖKSOY
8/10/2023 06:37:58,22964,USD,1282,H,TR699327561,422610887,SERDAR ÇOLAK,X Bank,TR590170097,TUBA BAYSAL
8/10/2023 06:39:58,13728,EUR,1082,H,TR696671967,423290905,İLKNUR KILIÇ YILDIRIM,X Bank,TR432363942,AYLİN ÖZKAN
8/10/2023 06:41:58,32806,TL,1511,H,TR696319268,423921681,İKLİL SÜRÜM,X Bank,TR879521278,FERHAN YEŞİLOVA
8/10/2023 06:43:58,44911,TL,1796,H,TR696215702,424047380,MEDİHA SEZER,X Bank,TR820044961,ERHAN YILDIRIM
8/10/2023 06:45:58,18974,TL,1191,H,TR694558304,424267824,ÖZLEM ÖZKURT PÜRCÜ,X Bank,TR632415324,REFİK YAZICI EROL
8/10/2023 06:47:58,29086,USD,1423,H,TR692972549,424401267,BENGÜ ÖNER,X Bank,TR426588397,MERİH KESİM
8/10/2023 06:49:58,10568,EUR,1007,H,TR691503295,426182394,GAMZE BAHÇEBAŞI,X Bank,TR625213919,İLKNUR KIRBAŞ
8/10/2023 06:51:58,43899,EUR,1771,H,TR688370739,428873531,FATİH ELLİALTI,X Bank,TR481996102,ŞERMİN EKİZ
8/10/2023 06:53:58,19759,EUR,1207,H,TR685660605,431886895,ŞENAY EKİCİ,X Bank,TR846324350,VOLKAN ATAY
8/10/2023 06:55:58,22860,USD,1278,H,TR683219392,433162635,AHMET DEMİREL,X Bank,TR299083992,YÜCEL ELVERDİ
8/10/2023 06:57:58,37285,TL,1621,H,TR682784855,433928973,KENAN AHMET ÇİLDİR,X Bank,TR178671502,SERKAN ŞEN TANRIKULU
8/10/2023 06:59:58,36820,TL,1611,H,TR682758375,434436916,AYLİA BABUŞ,X Bank,TR937412299,ARİFE ESRA GÜMÜŞ
8/10/2023 07:01:58,17770,USD,1170,H,TR680160102,434950019,RUKİYE DÜGER,X Bank,TR733894728,MAHPERİ YILDIRIM
8/10/2023 07:03:58,19162,EUR,1196,H,TR679224041,436158179,MUSTAFA NAR,X Bank,TR453761588,MEHTAP YILMAZ
8/10/2023 07:05:58,11695,TL,1039,H,TR678831261,439137940,EVRİM KUŞKU,X Bank,TR723059916,MELİA YÜKSEL
8/10/2023 07:07:58,18180,USD,1176,H,TR678533517,440116330,MUSTAFA BİÇER,X Bank,TR395288929,MEHTAP ŞİMŞEK
8/10/2023 07:09:58,44812,TL,1792,H,TR677191976,440249907,MEHTAP DUMAN,X Bank,TR433533254,ÖZGÜR ORAL
8/10/2023 07:11:58,42805,USD,1740,H,TR675103303,440771245,MEHMET ÖZTÜRK,X Bank,TR322344609,MELİA ÇELİK
8/10/2023 07:13:58,11444,TL,1033,H,TR674916286,441370304,PAPATYA BAŞARAN,X Bank,TR137414410,ÖZGÜR GÜNEY KOCABAŞ
8/10/2023 07:15:58,24469,TL,1315,H,TR673446793,441604153,NALAN YAVUZ,X Bank,TR126606163,ŞENAY EKİCİ
8/10/2023 07:17:58,29686,TL,1438,H,TR672944926,442476131,TEVFİK YAĞCI,X Bank,TR647272266,ERSEN ATİK
8/10/2023 07:19:58,29840,EUR,1446,H,TR672427149,445102959,UFUK YILMAZ,X Bank,TR458444491,ZÜHAL GÜLSÜM DEMİRGAN
8/10/2023 07:21:58,20257,TL,1216,H,TR672112556,445104545,EMİNE DOĞAN,X Bank,TR226065147,EVRİM KUŞKU
8/10/2023 07:23:58,24908,USD,1325,H,TR670375477,446758565,ŞİRİN OKTAY,X Bank,TR707234662,ÖZGÜR ULUSOY
8/10/2023 07:25:58,26773,EUR,1370,H,TR668612813,449081340,MELTEM ARSLAN,X Bank,TR624225494,SEVGİ CÖMERT
8/10/2023 07:27:58,30890,TL,1476,H,TR667954603,451259542,İLKER AKINCI,X Bank,TR898073366,TALHA TALAN
8/10/2023 07:29:58,33010,EUR,1516,H,TR666546833,452002211,İKLİL KHALİL,X Bank,TR555727177,BAHATTİN ÇAY
8/10/2023 07:31:58,23254,USD,1285,H,TR664964070,453310057,MEHMET YARBİL,X Bank,TR678831261,MİRAY SARİ
8/10/2023 07:33:58,37475,EUR,1631,H,TR664697163,453447400,HANDAN TAVŞAN,X Bank,TR396125001,ŞULE MİNE ŞANLIKAN
8/10/2023 07:35:58,22395,EUR,1265,H,TR662793561,453786800,SERKAN FAZLI YILMAZ,X Bank,TR226010025,MUSTAFA ERBAŞ
8/10/2023 07:37:58,36073,EUR,1580,H,TR662449726,454415795,METE ÖNVERMEZ,X Bank,TR133331750,SELDA YILDIRIM
8/10/2023 07:39:58,42765,TL,1739,H,TR661560217,456698577,GÖKHAN EROĞLU,X Bank,TR361247486,FADİME SEVGİ YAMAN
8/10/2023 07:41:58,47697,TL,1862,H,TR660829420,457513898,ATAKAN ÜNAL,X Bank,TR872912800,MELİA KAYNAK
8/10/2023 07:43:58,23516,EUR,1292,H,TR657296161,458261943,MUSTAFA AKDUMAN,X Bank,TR855883386,REFİK DEMİR
8/10/2023 07:45:58,22683,TL,1273,H,TR656296885,459574834,SALİM ÖZDEMİR,X Bank,TR727646643,ÖZLEM KUŞKU
8/10/2023 07:47:58,34550,USD,1538,H,TR656085708,459577032,MEHMET ÖZDOĞAN,X Bank,TR198299491,ŞERMİN BULUR
8/10/2023 07:49:58,44967,TL,1797,H,TR655619663,461145120,PAPATYA BİÇER,X Bank,TR563537857,İKLİL YÜCE
8/10/2023 07:51:58,37350,TL,1626,H,TR654533591,464188495,MUTLU KARADEMİR,X Bank,TR301772402,METE KARAKUM
8/10/2023 07:53:58,49632,TL,1910,H,TR653995242,465124429,SALİM KARPUZ,X Bank,TR878781586,SERHAT UZUN
8/10/2023 07:55:58,16086,EUR,1133,H,TR653857835,465296479,SEDAT NUHVEREN,X Bank,TR672427149,ÜMİT BAZ
8/10/2023 07:57:58,29785,USD,1444,H,TR653581063,467413557,ALPER KIYAK YILMAZ,X Bank,TR718585202,SELÇUK ÖZDOĞAN
8/10/2023 07:59:58,19437,TL,1200,H,TR652179483,467581250,ZÜHAL GÜLSÜM ÇOBANOĞLU,X Bank,TR391353719,ENGİN SAK
8/10/2023 08:01:58,36717,USD,1605,H,TR651535395,468110210,ATAKAN BULUT,X Bank,TR468002626,İKLİL KHALİL
8/10/2023 08:03:58,12508,EUR,1054,H,TR650957992,469060553,SERKAN ŞAHİNER,X Bank,TR429597204,MELTEM İÇBAY
8/10/2023 08:05:58,46799,USD,1841,H,TR649145561,469194106,DERAM ALTUN,X Bank,TR267015903,MEHTAP KÖSEOĞLU
8/10/2023 08:07:58,26647,USD,1366,H,TR647272266,469632557,SEMA KUYUCU,X Bank,TR455388431,MEHMET KISA KARAKAYA
8/10/2023 08:09:58,19524,TL,1202,H,TR646623019,469928020,İLKER EŞKAZAN,X Bank,TR417833433,İLKER KARABAĞ
8/10/2023 08:11:58,24853,TL,1323,H,TR645886077,469992993,SÜLEYMAN ESER,X Bank,TR541369375,VOLKAN BALCI
8/10/2023 08:13:58,28337,EUR,1407,H,TR645150732,470271872,ZÜHAL GÜLSÜM CENGİZ,X Bank,TR324574615,RENGİN ASLIHAN SAYIN
8/10/2023 08:15:58,48789,EUR,1898,H,TR645056987,470679534,MÜRŞİT BÜKÜM,X Bank,TR184746756,REFİK ATMIŞ
8/10/2023 08:17:58,18676,EUR,1185,H,TR644418982,472538458,SONAY BAŞER,X Bank,TR905318160,AYBÜKE GENÇPINAR
8/10/2023 08:19:58,11520,USD,1034,H,TR643614856,474877099,ÖZLEM KİŞİ,X Bank,TR240457877,MEHTAP BAYRAM
8/10/2023 08:21:58,31524,USD,1487,H,TR641915331,475376125,NEVİN ÖNEY KURNAZ,X Bank,TR253023035,GAMZE BAHÇEBAŞI
8/10/2023 08:23:58,49325,TL,1905,H,TR640545524,475661620,ATAKAN GÜLER,X Bank,TR149831272,SERDAR ÇOLAK
8/10/2023 08:25:58,41483,USD,1707,H,TR640485868,476280469,SAADET SULHAN,X Bank,TR653581063,ÖZLEM ÖZKURT PÜRCÜ
8/10/2023 08:27:58,48650,USD,1887,H,TR640106830,476396719,ÖZHAN KAYACAN,X Bank,TR355222499,İLKNUR AKAR
8/10/2023 08:29:58,12839,TL,1064,H,TR639046652,478703913,VOLKAN GÜLŞEN,X Bank,TR325626033,HASAN BARBAROS
8/10/2023 08:31:58,45512,EUR,1810,H,TR636376576,479646339,MELDA EKER,X Bank,TR527612293,SALİM DEĞİRMENCİ
8/10/2023 08:33:58,45441,TL,1809,H,TR634759758,480629342,PAPATYA ARKAN,X Bank,TR552883411,ATAKAN SEZER
8/10/2023 08:35:58,34150,TL,1535,H,TR633193483,481466586,SÜHEYLA TÜFEKÇİ,X Bank,TR448976377,PAPATYA ÖNER
8/10/2023 08:37:58,45756,TL,1816,H,TR632415324,482156027,DENİZ ÇETİN,X Bank,TR636376576,BELGİN KULAK GEDİK
8/10/2023 08:39:58,21175,TL,1241,H,TR631623084,483285168,İLKNUR SEVER,X Bank,TR728924466,İLKER AKÖZ
8/10/2023 08:41:58,32348,EUR,1504,H,TR630992779,483424368,ÖZGÜR TEKİŞ,X Bank,TR961723984,MEHMET ACARBULUT
8/10/2023 08:43:58,16125,EUR,1135,H,TR630335040,485819052,ERSEN ŞAHBAZ,X Bank,TR828175661,İLKER GÜL
8/10/2023 08:45:58,21297,TL,1245,H,TR630069226,487458616,MELİA ÇELİK,X Bank,TR242242768,ZEKERİYA BABACAN
8/10/2023 08:47:58,31511,TL,1486,H,TR625213919,490867242,REFİK DEMİR,X Bank,TR630992779,YURDUN DEMİRÖZ
8/10/2023 08:49:58,30539,USD,1468,H,TR624225494,493751002,MUSTAFA AKÇALI,X Bank,TR633193483,NURSEL ÇELİK
8/10/2023 08:51:58,30802,USD,1474,H,TR623645325,494248005,EMEL KARAMAN,X Bank,TR135705474,SULTAN YILDIZ
8/10/2023 08:53:58,45764,TL,1817,H,TR623632705,494544489,MEHTAP TURGUT,X Bank,TR860098663,DENİZ KANIK YÜKSEK
8/10/2023 08:55:58,28153,EUR,1402,H,TR622842602,497153019,ZÜHAL GÜLSÜM BAŞYURT,X Bank,TR173307932,GÖKHAN DEMİRKOL
8/10/2023 08:57:58,41698,TL,1716,H,TR621757793,497909203,VOLKAN SANHAL,X Bank,TR772988800,DİLBER TUĞCUGİL
8/10/2023 08:59:58,47496,TL,1858,H,TR621559750,500460862,MELİA TEMEL,X Bank,TR119302658,İLKNUR KARAKUŞ EPÇAÇAN
8/10/2023 09:01:58,30593,EUR,1470,H,TR621015339,502239012,SELÇUK AKAR,X Bank,TR222073116,LEVENT KAZBEK
8/10/2023 09:03:58,14597,USD,1099,H,TR620569746,502380289,ERGÜL ALPINAR,X Bank,TR743164123,TUĞÇE BARÇAK
8/10/2023 09:05:57,29219,USD,1427,H,TR619793870,504170725,NİHAT ÇETİNKOR,X Bank,TR202907354,ÖZNUR AK
8/10/2023 09:07:57,17382,USD,1160,H,TR619286520,505367811,OKTAY DAL,X Bank,TR161559928,REFİK KUMRAL
8/10/2023 09:09:57,46192,USD,1829,H,TR618156840,506057125,MANSUR KÜRŞAD ÇEVİK,X Bank,TR803428003,HABİBE AY GÜNEY
8/10/2023 09:11:57,15839,TL,1129,H,TR616572429,506128674,MEHMET AKCAN PAKSOY,X Bank,TR304790081,İLKER ORHON
8/10/2023 09:13:57,24526,EUR,1319,H,TR615944126,510745461,FADİME SEVGİ AYDIN BADILLIOĞLU,X Bank,TR677191976,TUĞBA ŞAHİN DUYAR
8/10/2023 09:15:57,30102,TL,1456,H,TR615430640,510907491,SELÇUK GÜNDÜZ,X Bank,TR874201916,HALE ARSLAN KAŞDOĞAN
8/10/2023 09:17:57,44799,TL,1790,H,TR610768995,511645050,MUAMMER HAYRİ SOYKAMER,X Bank,TR912331525,ZÜHAL GÜLSÜM YÜCEL
8/10/2023 09:19:57,25537,EUR,1340,H,TR608931689,511914277,İLKER KARABAĞ,X Bank,TR385354080,İKLİL GAYRETLİ AYDIN
8/10/2023 09:21:57,40487,USD,1687,H,TR606522539,512754892,MEHMET GÜRDAL,X Bank,TR854422906,EMİNE TÜLPAR
8/10/2023 09:23:57,33944,TL,1530,H,TR605433390,513006235,ESRA KILIÇ YILDIRIM,X Bank,TR143872355,EMİNE YILMAZ
8/10/2023 09:25:57,34568,USD,1540,H,TR604812034,513814714,İLKNUR ŞEN,X Bank,TR572701912,SERPİL HAVAS
8/10/2023 09:27:57,13300,TL,1076,H,TR604236811,513849994,MİRAÇ TÜTEN,X Bank,TR290076774,METE YILDIRIM
8/10/2023 09:29:57,16977,USD,1152,H,TR602870018,514011371,MURAT ÖZMEN,X Bank,TR211531928,ÖZLEM KURU
8/10/2023 09:31:57,35320,USD,1561,H,TR602494421,515763156,TUĞBA ŞAHİN DUYAR,X Bank,TR285493679,EMİNE BİLGİÇ
8/10/2023 09:33:57,42689,EUR,1737,H,TR601665860,516942854,DENİZ ERDEM,X Bank,TR260795109,MUKADDES ÖDEN
8/10/2023 09:35:57,10827,USD,1016,H,TR599127773,517474117,NURETTİN İREM ASLANALP,X Bank,TR568509055,MERAL LEMAN KÜFECİLER
8/10/2023 09:37:57,43831,EUR,1770,H,TR598307921,521328967,ZÜMRÜT ELA YILDIRIM,X Bank,TR496970244,OKTAY DAL
8/10/2023 09:39:57,20310,EUR,1217,H,TR597114719,523769664,KORAY ÖZKURT PÜRCÜ,X Bank,TR312793355,ERGÜN ALMACIOĞLU
8/10/2023 09:41:57,25315,TL,1332,H,TR597048237,524820179,ATAKAN ŞAHİN,X Bank,TR511391898,VEDAT DEMİR
8/10/2023 09:43:57,29364,TL,1431,H,TR596711351,525137698,BELGİN KULAK GEDİK,X Bank,TR685660605,AYLİA YILDIRIM
8/10/2023 09:45:57,11440,TL,1032,H,TR596170475,529036426,HALE TOHUMOĞLU,X Bank,TR905715039,EMRE ABACIOĞLU
8/10/2023 09:47:57,49891,EUR,1917,H,TR595584766,531934227,GÜLDEN KARAKURT,X Bank,TR543976010,ERSEN AKIN
8/10/2023 09:49:57,14444,EUR,1094,H,TR595470836,532925447,TANER GÖKALP,X Bank,TR824544567,GAMZE ERKURAN
8/10/2023 09:51:57,27542,EUR,1389,H,TR594318677,533562096,LEVENT BAHÇECİ,X Bank,TR990528537,PAPATYA BOZKURT
8/10/2023 09:53:57,39387,EUR,1667,H,TR593254019,534221512,İLKER ŞEYHANLI,X Bank,TR661560217,EMİNE YABUL
8/10/2023 09:55:57,29389,EUR,1433,H,TR593025844,535523243,DİLEK ÇETİN,X Bank,TR820308932,GÜLŞAH UZ
8/10/2023 09:57:57,21502,EUR,1248,H,TR591590931,539114124,ALİ ŞEN,X Bank,TR574033370,SELÇUK ATAY
8/10/2023 09:59:57,14949,TL,1111,H,TR591093089,540553239,SONGÜL ÇELİK,X Bank,TR513054354,BAŞAK ERDOĞAN
8/10/2023 10:01:57,17661,EUR,1168,H,TR590170097,541192730,İKLİL KILAÇ,X Bank,TR935079685,ÖZLEM BİLGİ
8/10/2023 10:03:57,42179,EUR,1730,H,TR588770344,541687370,HÜMEYRA ARSLAN KAŞDOĞAN,X Bank,TR121559730,MELİA ÇİPE
8/10/2023 10:05:57,38158,TL,1643,H,TR587475981,542996273,REFİK ÖZKAN,X Bank,TR562378554,BERKER AŞIK
8/10/2023 10:07:57,48689,USD,1893,H,TR587395427,543062086,İBRAHİM BALABAN,X Bank,TR536914449,BİRSEN SÖNMEZ
8/10/2023 10:09:57,31738,EUR,1492,H,TR584769765,543128791,HARUN ÖCAL,X Bank,TR943931719,PAPATYA ELBÜKEN
8/10/2023 10:11:57,32606,USD,1507,H,TR584562051,543849771,MUSTAFA KADAK,X Bank,TR197749863,SALİM GEDİK YILMAZ
8/10/2023 10:13:57,36681,TL,1603,H,TR581586617,546303524,TUBA BAYSAL,X Bank,TR556370242,ÜMİT ALTINBOĞA
8/10/2023 10:15:57,44868,TL,1794,H,TR579837667,546589675,MUSTAFA ONAR ŞEKERCİ,X Bank,TR784713261,MUSTAFA ÜZER
8/10/2023 10:17:57,37508,TL,1632,H,TR578289056,546961870,EMİNE YILMAZ,X Bank,TR256020592,ÜMİT ÖĞÜTMEN KOÇ
8/10/2023 10:19:57,43756,TL,1768,H,TR578224394,547363401,AHMET BÜYÜKTAŞ,X Bank,TR861309094,MEHMET ÖZTÜRK
8/10/2023 10:21:57,20731,USD,1225,H,TR576288690,549020246,SABAHATTİN ÇELİK,X Bank,TR846251443,MURAT ERDEM
8/10/2023 10:23:57,42742,TL,1738,H,TR576242987,550013006,MUSTAFA ERBAŞ,X Bank,TR400424824,MEDİHA SEZER
8/10/2023 10:25:57,17636,EUR,1167,H,TR576091530,550515256,METE GÜRBOSTAN,X Bank,TR984296475,JÜLİDE ZEHRA DUYSAK
8/10/2023 10:27:57,48672,TL,1889,H,TR575078334,550680641,ŞERMİN BULUR,X Bank,TR453492011,YILMAZ TEMEL
8/10/2023 10:29:57,10042,USD,1000,H,TR574033370,551136494,AYLİA ÖZİŞ,X Bank,TR779562065,HANDE YURT
8/10/2023 10:31:57,20925,TL,1235,H,TR573857239,551443548,MURAT VATANSEVER,X Bank,TR487558021,UMUT CAN DEMİRTAŞ
8/10/2023 10:33:57,40971,USD,1694,H,TR572701912,553903221,TESLİME NAZLI ÜZER,X Bank,TR308924234,ELİF EKİCİ
8/10/2023 10:35:57,45573,USD,1811,H,TR572688285,554423156,AHMET GÖKHAN BOZKURTER,X Bank,TR284183269,MEHTAP KARÇİN
8/10/2023 10:37:57,17587,TL,1165,H,TR570464464,555963301,DEMET UYSAL,X Bank,TR833372408,HATİCE EYLÜL GÖZAÇAN
8/10/2023 10:39:57,29842,EUR,1447,H,TR569437070,556637106,SALİM DEĞİRMENCİ,X Bank,TR598307921,BERİL GÜLÜŞ YENİN
8/10/2023 10:41:57,41784,USD,1718,H,TR569178469,556746421,LEVENT DEĞİRMENCİ AKAR,X Bank,TR535353200,EROL DEĞİRMENCİ
8/10/2023 10:43:57,29837,EUR,1445,H,TR568914905,557085355,MESUDE GÜMÜŞAY,X Bank,TR818362241,MUSTAFA BİÇER
8/10/2023 10:45:57,25969,TL,1351,H,TR568509055,557578538,FADİME SEVGİ KİREÇÇİ,X Bank,TR805569327,ATAKAN YILMAZ
8/10/2023 10:47:57,26799,TL,1371,H,TR565887466,557617161,FATMA İLGÜN,X Bank,TR539242895,REFİK AKCAN ATASOY
8/10/2023 10:49:57,43232,USD,1750,H,TR565818891,558173555,GÖKHAN ERKURAN,X Bank,TR527200262,SELÇUK KULAKSIZ
8/10/2023 10:51:57,43588,EUR,1761,H,TR565406938,558238603,MEHTAP KÖSEOĞLU,X Bank,TR370724046,FERHAN BEDER
8/10/2023 10:53:57,48392,TL,1880,H,TR563537857,558625430,REFİK ŞAHİN,X Bank,TR419189196,ŞULE MİNE ÇEVİKER
8/10/2023 10:55:57,36435,TL,1592,H,TR562884176,559336629,ÖZLEM ALMACIOĞLU,X Bank,TR751725763,ZÜHAL ATAY
8/10/2023 10:57:57,31396,USD,1484,H,TR562721022,560070458,SENEM PİRİM,X Bank,TR131705367,DERVİŞ BEKTAŞ
8/10/2023 10:59:57,38584,EUR,1654,H,TR562378554,560274203,AYDIN YİĞİT KUPLAY,X Bank,TR515171512,LEVENT BAHÇECİ
8/10/2023 11:01:57,11298,TL,1027,H,TR561926527,561795822,EMİNE BEREKET,X Bank,TR387775413,ERSEN ŞAHBAZ
8/10/2023 11:03:57,49822,EUR,1915,H,TR561224683,561925233,ERSEN SÖNMEZ,X Bank,TR383452485,MUHAMMET TAYYİP ŞAHİN
8/10/2023 11:05:57,39022,TL,1661,H,TR560527121,563607466,OSMAN ATAY,X Bank,TR484711176,NAFİYE ERYAVUZ
8/10/2023 11:07:57,49787,EUR,1914,H,TR557787078,564363163,NEZİH TÖNGE,X Bank,TR351554306,EMİNE ONUK
8/10/2023 11:09:57,25533,TL,1339,H,TR557773488,569303173,YURDUN DEMİRÖZ,X Bank,TR886247026,VOLKAN TEKİN
8/10/2023 11:11:57,23257,USD,1287,H,TR557340041,569684036,ŞERMİN BAYRAKTAR,X Bank,TR387603363,TEVFİK YAĞCI
8/10/2023 11:13:57,24283,EUR,1306,H,TR556370242,571223673,TUĞBA AKTAŞ,X Bank,TR662793561,İKLİL SÜRÜM
8/10/2023 11:15:57,35436,USD,1565,H,TR556147472,571704621,HASAN DOĞAN,X Bank,TR807359429,ÖZLEM YURTLU
8/10/2023 11:17:57,38738,EUR,1657,H,TR555727177,574583542,MURAT SAĞLAM,X Bank,TR562884176,EMİNE CENGİZ
8/10/2023 11:19:57,30521,USD,1467,H,TR555389217,578141480,MELTEM EROL,X Bank,TR538316352,KÜRŞAT KAPLAN
8/10/2023 11:21:57,47108,TL,1850,H,TR552883411,579063812,ÜMİT ÖĞÜTMEN KOÇ,X Bank,TR696319268,MEHMET KAYA
8/10/2023 11:23:57,12787,USD,1061,H,TR552672965,579807914,BAHRİ BODUROĞLU,X Bank,TR453977171,SEYFİ AKÖZ
8/10/2023 11:25:57,10572,EUR,1008,H,TR550930480,580720107,MUSTAFA BOZARSLAN,X Bank,TR958476093,MEHMET ALTUNTAŞ
8/10/2023 11:27:57,29095,USD,1424,H,TR548905018,581236181,BÜLENT KARABAĞ,X Bank,TR380737960,TUĞSEM ERASLAN
8/10/2023 11:29:57,37418,EUR,1628,H,TR547466063,581265042,ÖZLEM KURU,X Bank,TR939495681,MELİA TEMEL
8/10/2023 11:31:57,12810,EUR,1062,H,TR546920784,582017432,GÖKHAN KULAKSIZ,X Bank,TR232273080,PAPATYA BİÇER
8/10/2023 11:33:57,39506,USD,1670,H,TR546912380,582679801,FULYA AYIK,X Bank,TR881978214,FADİME SEVGİ ALIMLI
8/10/2023 11:35:57,26244,EUR,1359,H,TR545027862,583854116,MEHTAP ŞİMŞEK,X Bank,TR712985377,ŞULE MİNE SEÇİR
8/10/2023 11:37:57,23389,TL,1289,H,TR543976010,584488526,FULYA AYDIN BADILLIOĞLU,X Bank,TR739117236,VOLKAN ÇELİK
8/10/2023 11:39:57,22281,EUR,1262,H,TR543915363,585172799,DAMLA KARPUZOĞLU,X Bank,TR734332279,ÖZGÜR FAKIOĞLU
8/10/2023 11:41:57,13066,USD,1072,H,TR543828949,586866135,GONCA ESER,X Bank,TR204028656,SELÇUK ÖĞÜT AYDIN
8/10/2023 11:43:57,17222,EUR,1159,H,TR543090562,587660436,MELİA DOĞAN,X Bank,TR730820080,İLKNUR ŞAHİN
8/10/2023 11:45:57,26414,TL,1362,H,TR541369375,587693222,SERKAN ŞEN TANRIKULU,X Bank,TR797898659,ERSEN GÜLEN AKKÜÇÜK
8/10/2023 11:47:57,35217,USD,1558,H,TR539742967,587763169,ÜLKÜHAN TAYFUN,X Bank,TR557340041,FULYA AYDIN BADILLIOĞLU
8/10/2023 11:49:57,26940,TL,1375,H,TR539242895,590459649,UMUT CANACANKATAN,X Bank,TR837002778,TAYFUR YILMAZ
8/10/2023 11:51:57,23255,USD,1286,H,TR538316352,592707257,AHMET ALİ SARAÇOĞLU,X Bank,TR214135907,FUNDA ÖZLEM HODJAOGLU
8/10/2023 11:53:57,43560,USD,1760,H,TR538131855,593104205,RESA ERCAN,X Bank,TR934461510,SEMİH ERDEM
8/10/2023 11:55:57,43265,TL,1752,H,TR537383010,594541081,ÜMİT BALABAN,X Bank,TR649145561,OLCAY BAŞAK BAĞCIK
8/10/2023 11:57:57,16798,EUR,1147,H,TR536914449,595077040,CEREN TURGUT,X Bank,TR748829491,GÜLEN ECE KABACAOĞLU
8/10/2023 11:59:57,42116,EUR,1726,H,TR536375108,595157756,BİRSEN GÖZCÜ,X Bank,TR514613549,SERKAN BOLAT
8/10/2023 12:01:57,36109,USD,1581,H,TR535353200,595219760,İLKER KARASU,X Bank,TR939602473,EMRE KURT
8/10/2023 12:03:57,35689,USD,1569,H,TR534749046,595639818,MEHMET HİLMİ SİĞA,X Bank,TR122397536,MURAT SARAÇOĞLU
8/10/2023 12:05:57,11105,EUR,1023,H,TR533075649,596051430,ÖMER FARUK KÖSE,X Bank,TR300783801,ÜMİT KILIÇ
8/10/2023 12:07:57,34951,TL,1552,H,TR531616852,598149611,AYLA GÜVENÇ,X Bank,TR630069226,FADİME SEVGİ KİREÇÇİ
8/10/2023 12:09:57,22143,EUR,1260,H,TR531519840,598636358,GÜLSÜM DAM,X Bank,TR641915331,AYLİA EREN
8/10/2023 12:11:57,16729,TL,1145,H,TR531305738,598736920,EDA AKDEMİR,X Bank,TR522553368,SERDAR ÖZKAN
8/10/2023 12:13:57,20017,TL,1212,H,TR529508019,599694452,MEHMET BATÇIK,X Bank,TR694558304,KORAY ÖZKURT PÜRCÜ
8/10/2023 12:15:57,28421,EUR,1411,H,TR529101561,599751868,UFUK GÜLEN,X Bank,TR238610706,DENİZ ÜSTÜN
8/10/2023 12:17:57,21210,TL,1243,H,TR528497063,600046007,İSMAİL KÖKSOY,X Bank,TR388019476,MUSTAFA FERHAT CENGİZ
8/10/2023 12:19:57,43401,TL,1757,H,TR528182108,600837299,HÜMEYRA ÖZTÜRK,X Bank,TR290354475,FADİME SEVGİ ÖZTÜRK
8/10/2023 12:21:57,25337,EUR,1335,H,TR527612293,601718793,HÜMEYRA KUSERLİ,X Bank,TR940380033,DENİZ ERDEM
8/10/2023 12:23:57,41078,USD,1697,H,TR527200262,602232876,SELÇUK ÖZDOĞAN,X Bank,TR241362361,EMİNE YAVUZ
8/10/2023 12:25:57,23819,EUR,1296,H,TR527037679,603347234,MEHMET EROĞLU,X Bank,TR674916286,OSMAN ERSEGUN HANCIOĞLU
8/10/2023 12:27:57,37195,TL,1619,H,TR526559931,603712960,MUSTAFA AKIN,X Bank,TR722027878,ERSEN SÖNMEZ
8/10/2023 12:29:57,11318,TL,1028,H,TR524603131,603790147,TÜLAY ÖNDE,X Bank,TR474292858,MÜMTAZ AYDINER
8/10/2023 12:31:57,25931,TL,1350,H,TR522915523,605149794,GÜLÇİN PİŞİRGEN,X Bank,TR696671967,ATAKAN ÜNAL
8/10/2023 12:33:57,40943,USD,1693,H,TR522891193,605759099,SEMA NİLAY KAYA,X Bank,TR211718655,GÖKHAN YURDAM
8/10/2023 12:35:57,45808,USD,1818,H,TR522879266,607013566,MELİA KAYNAK,X Bank,TR495109725,LEVENT ALUÇLU
8/10/2023 12:37:57,30569,EUR,1469,H,TR522553368,608649630,LEVENT ŞAHİN,X Bank,TR682758375,MEHTAP YİĞİT KUPLAY
8/10/2023 12:39:57,43697,EUR,1766,H,TR522066446,609455079,MEHMET AYTAÇ,X Bank,TR491218972,MURAT GÖK
8/10/2023 12:41:57,48687,USD,1892,H,TR521701882,609589671,FUNDA ÖZLEM HODJAOGLU,X Bank,TR162224723,FADİME SEVGİ YILMAZ
8/10/2023 12:43:57,46104,EUR,1826,H,TR519810947,610031544,NİHAT BERKAY DÜZKALIR,X Bank,TR737995503,GÖZDE ZORLU KARAYİĞİT
8/10/2023 12:45:57,14967,EUR,1113,H,TR517611088,611090294,AYLİA BEKTAŞ,X Bank,TR752690353,PAPATYA ÖCAL
8/10/2023 12:47:57,21743,TL,1252,H,TR516757319,611166195,ZAHİDE BOLAÇ,X Bank,TR522915523,ZEYNEP URFALI
8/10/2023 12:49:57,29381,USD,1432,H,TR515594219,611394146,ERSEN TALAS,X Bank,TR502869658,ATAKAN ŞEN
8/10/2023 12:51:57,18027,TL,1175,H,TR515171512,611485425,ERSEN AKGÜL,X Bank,TR152661210,DENİZ ÖZER
8/10/2023 12:53:57,24231,TL,1305,H,TR514613549,611732426,AYLİN ÖZKAN,X Bank,TR320139397,ÖZLEM TÖNGE
8/10/2023 12:55:57,41504,TL,1708,H,TR514474766,612424351,İLKER ÖZKURT,X Bank,TR584769765,ERSAGUN ERDEN
8/10/2023 12:57:57,25600,USD,1341,H,TR513054354,612661332,ATAKAN ŞEN,X Bank,TR817746274,ÖZGÜR BAĞCIK
8/10/2023 12:59:57,48471,TL,1884,H,TR512000794,614752699,TUĞRUL AYVAZ,X Bank,TR908302924,SELÇUK VATANSEVER
8/10/2023 13:01:57,36537,EUR,1597,H,TR511532141,615596293,MELTEM GİNİŞ,X Bank,TR899960986,PINAR DEMİRTAŞ
8/10/2023 13:03:57,36446,EUR,1593,H,TR511391898,615645730,REFİK ATMIŞ,X Bank,TR920344807,DENİZ KESKİN
8/10/2023 13:05:57,46080,USD,1825,H,TR510480867,615756625,ÖZLEM KAYMAN KÖSE,X Bank,TR384313422,ÖZCAN SÜRÜM
8/10/2023 13:07:57,27262,EUR,1383,H,TR510479921,617789193,PAPATYA YÜZBAŞIOĞLU,X Bank,TR220639383,YAVUZ AYHAN
8/10/2023 13:09:57,13957,TL,1087,H,TR507793652,618696557,İBRAHİM TAYFUN EKİZ,X Bank,TR922080016,HÜMEYRA ÖZTÜRK
8/10/2023 13:11:57,12921,USD,1067,H,TR506965443,620510481,GÖKMEN ALPASLAN TANRIVERDİ YILMAZ,X Bank,TR925153942,MUSTAFA DEMİR
8/10/2023 13:13:57,28399,EUR,1410,H,TR506555997,620861157,MUSTAFA NAFİZ KURTULUŞ,X Bank,TR284175846,REFİK ÖZKAN
8/10/2023 13:15:57,14297,EUR,1091,H,TR506310696,622899925,ÜMİT ÖZDEMİR,X Bank,TR707951891,SERKAN ŞAHİNER
8/10/2023 13:17:57,36069,TL,1579,H,TR506228394,623716133,REFİK KUMRAL,X Bank,TR978160535,MUSTAFA ÇALIŞKANTÜRK
8/10/2023 13:19:57,14752,TL,1103,H,TR503965294,624870290,PAPATYA ELBÜKEN,X Bank,TR185191851,ŞERMİN ÖZÇELİK ORAL
8/10/2023 13:21:57,39592,TL,1673,H,TR502869658,625252659,MELİA BAKANAY ÖZTÜRK,X Bank,TR130413140,HÜSEYİN CAHİT MURT
8/10/2023 13:23:57,12862,USD,1065,H,TR502568778,626027222,GÖKHAN ÇETİN,X Bank,TR307929679,DİLEK YAMAN
8/10/2023 13:25:57,43478,EUR,1758,H,TR500814830,626065318,MUSTAFA FERHAT CENGİZ,X Bank,TR576091530,EMEL DEMİRHAN
8/10/2023 13:27:57,43670,USD,1765,H,TR500260815,627145855,METE KARAKUM,X Bank,TR127394601,İLKER SİĞA
8/10/2023 13:29:57,12432,EUR,1051,H,TR499923898,627197440,ÖZGÜL YILDIRIM,X Bank,TR934151447,MELİA YILDIZ
8/10/2023 13:31:57,35567,EUR,1567,H,TR498133238,628779672,ŞULE MİNE ÖZTÜRK,X Bank,TR841799658,FERHAN AKBULUT
8/10/2023 13:33:57,38711,EUR,1656,H,TR497693842,629291291,MÜSLİM ERGİNTÜRK ACAR,X Bank,TR240734836,SALİM KARTAL
8/10/2023 13:35:57,46076,EUR,1823,H,TR497426704,629419276,MUSTAFA SELVİ,X Bank,TR706190633,GÖKHAN ELLİALTI
8/10/2023 13:37:57,17004,TL,1154,H,TR496970244,630569793,BURCU GÜLEN AKKÜÇÜK,X Bank,TR620569746,LEVENT KILIÇ
8/10/2023 13:39:57,39370,TL,1666,H,TR495895778,630888543,EMEL CENNET ASLANKARA,X Bank,TR545027862,KONURALP PEKEL
8/10/2023 13:41:57,39796,USD,1675,H,TR495109725,631236742,ÖZEN ÖZLEM YILDIZ,X Bank,TR113472419,YAŞAR GÖKHAN BERK
8/10/2023 13:43:57,31605,USD,1489,H,TR494821381,631466251,CEM GÜNAY,X Bank,TR329536935,GONCA ESER
8/10/2023 13:45:57,38201,EUR,1644,H,TR491926523,633618260,ÖZNUR İLKAY,X Bank,TR904725930,MEHMET HİLMİ SİĞA
8/10/2023 13:47:57,13227,EUR,1074,H,TR491612312,633994296,FADİME SEVGİ YÜCEL,X Bank,TR182444458,REFİK ERASLAN
8/10/2023 13:49:57,45573,USD,1812,H,TR491218972,634508558,SALİM KARADAĞ,X Bank,TR314477958,FADİME SEVGİ BÜLBÜL
8/10/2023 13:51:57,30354,TL,1460,H,TR491199327,634616593,AYŞE GÜL BOZKURT,X Bank,TR425468702,METE GÜRBOSTAN
8/10/2023 13:53:57,33033,USD,1518,H,TR489544616,634644201,GAMZE ERKURAN,X Bank,TR362750657,BURCU SALMAN SEVER
8/10/2023 13:55:57,47670,USD,1860,H,TR488412272,635439312,METE URFALI,X Bank,TR522879266,NİHAL BUĞRUL
8/10/2023 13:57:57,23444,USD,1290,H,TR488204172,636066204,İKLİL ADANIR,X Bank,TR266681627,PAPATYA GÜLEN
8/10/2023 13:59:57,34064,USD,1532,H,TR487558021,636593742,HASAN SERKAN BABUŞ,X Bank,TR653857835,SELÇUK KÜFECİLER
8/10/2023 14:01:57,22838,EUR,1277,H,TR487191792,637087359,ŞERMİN EKİZ,X Bank,TR394969408,İLKER KARASU
8/10/2023 14:03:57,44179,EUR,1774,H,TR486861593,638001924,ŞERMİN OLPAK,X Bank,TR203200482,ÜMİT KOÇARSLAN
8/10/2023 14:05:57,33083,TL,1519,H,TR486702023,639805062,İLKER SİĞA,X Bank,TR575078334,ALPER KIYAK YILMAZ
8/10/2023 14:07:57,49965,TL,1918,H,TR486090110,640670531,PINAR CİRİT KOÇER,X Bank,TR529101561,HÜMEYRA KARAMAN
8/10/2023 14:09:57,21266,EUR,1244,H,TR484711176,641065831,AYLİA GÜVEN MEŞE,X Bank,TR793282261,MEHTAP GÜNGÖR
8/10/2023 14:11:57,41387,USD,1704,H,TR484154557,642367010,ELİF OLPAK,X Bank,TR331945523,SEDAT NUHVEREN
8/10/2023 14:13:57,20067,USD,1213,H,TR481996102,643082798,AYBÜKE GENÇPINAR,X Bank,TR471738095,IRAZCA IŞIK
8/10/2023 14:15:57,48784,EUR,1897,H,TR481118752,643475729,İSMAİL EVREN AKGÜL,X Bank,TR339133998,EMİNE BODUROĞLU
8/10/2023 14:17:57,29985,EUR,1454,H,TR480611070,644496201,ÜMİT ULUTAŞ,X Bank,TR111318411,SELÇUK AKAR
8/10/2023 14:19:57,36573,USD,1599,H,TR480031612,645641436,ATAKAN PEKGÖZ,X Bank,TR153083176,SELÇUK YILMAZ
8/10/2023 14:21:57,22448,USD,1267,H,TR479845747,646293232,TARKAN GÜLŞAN,X Bank,TR177169326,ŞERMİN ORHAN
8/10/2023 14:23:57,15888,EUR,1131,H,TR479783962,646645087,İKLİL ABACIOĞLU,X Bank,TR464966770,ŞULE MİNE ERTEKİN
8/10/2023 14:25:57,38336,USD,1648,H,TR479614256,646672022,FADİME SEVGİ CELTEMEN,X Bank,TR386744956,İLKER EŞKAZAN
8/10/2023 14:27:57,27752,TL,1395,H,TR477941449,646835374,NEJDET ÖZEL,X Bank,TR768606738,ÖZGÜR TEKİŞ
8/10/2023 14:29:57,38016,USD,1640,H,TR477816058,649606123,BERKER AŞIK,X Bank,TR818747058,BARIŞ SARAÇOĞLU ÇEKİÇ
8/10/2023 14:31:57,30382,EUR,1465,H,TR474292858,649631132,EMİNE ONUK,X Bank,TR363762804,ŞİRİN OKTAY
8/10/2023 14:33:57,13643,TL,1080,H,TR472133302,651929583,COŞKUN YALÇIN,X Bank,TR291624528,FERHAN ARSLAN
8/10/2023 14:35:57,20976,USD,1238,H,TR471738095,654613602,BURCU SALMAN SEVER,X Bank,TR506555997,HÜMEYRA DAL
8/10/2023 14:37:57,35707,USD,1571,H,TR469809324,655142580,ZEYNEP GÖKÇE GÜNEY KOCABAŞ,X Bank,TR646623019,BEYZA AKCA ÇAĞLAR
8/10/2023 14:39:57,14885,TL,1108,H,TR469726933,655608187,CENK ERGÜLÜ EŞMEN,X Bank,TR667954603,GAMZE ALTUN
8/10/2023 14:41:57,47745,USD,1863,H,TR468002626,656505064,AHMET SERKAN ŞENGÜL,X Bank,TR844275050,ORHAN AKSEL
8/10/2023 14:43:57,11351,USD,1030,H,TR467585971,657413029,PINAR DEMİRTAŞ,X Bank,TR117552982,İLKNUR ERTÜRKLER
8/10/2023 14:45:57,21190,TL,1242,H,TR465374743,659600475,AYLİA KILIÇ,X Bank,TR310013210,VOLKAN ÇATAK
8/10/2023 14:47:57,41711,TL,1717,H,TR464966770,661067070,AYCAN ÖZDEN NASIROĞLU,X Bank,TR983643321,ÖZGÜR SEVİNÇ
8/10/2023 14:49:57,19827,USD,1211,H,TR464900807,661989773,MUHAMMET FATİH ORAL,X Bank,TR704820171,ALMALA PINAR GÖZKAYA
8/10/2023 14:51:57,29856,EUR,1449,H,TR462285817,663631864,ÜMİT AYDOĞAN,X Bank,TR138424977,AYLİA ÖZİŞ
8/10/2023 14:53:57,48445,EUR,1882,H,TR461556308,664397176,DENİZ YADİGAROĞLU,X Bank,TR769792166,BURCU GÜLEN AKKÜÇÜK
8/10/2023 14:55:57,31849,USD,1496,H,TR461473996,665103856,MİRAY SARİ,X Bank,TR531519840,EVREN KARAKUM
8/10/2023 14:57:57,45224,TL,1803,H,TR461370723,665482625,MUSTAFA YASA,X Bank,TR115392104,FEVZİYE ARGA
8/10/2023 14:59:57,37981,EUR,1639,H,TR460037872,665553225,ŞULE MİNE IŞIK,X Bank,TR229524748,FUNDA ENGİZ
8/10/2023 15:01:57,12168,EUR,1047,H,TR458444491,666098036,YÜCEL ELVERDİ,X Bank,TR855286050,MUHAMMET FATİH ORAL
8/10/2023 15:03:57,41680,EUR,1714,H,TR456490496,667402391,SERKAN BOLAT,X Bank,TR758195823,MEHMET HÜSEYİN ALIMLI
8/10/2023 15:05:57,49077,USD,1900,H,TR455578813,668000598,ÖZGÜR SİNAN KILAÇ,X Bank,TR339958952,MUSTAFA BOZARSLAN
8/10/2023 15:07:57,30776,USD,1473,H,TR455388431,670514186,HATİCE ULUBA,X Bank,TR311393337,ÜMİT MERDEN
8/10/2023 15:09:57,13491,USD,1077,H,TR453977171,673151149,SULTAN YILDIZ,X Bank,TR138281742,GÖKHAN KULAKSIZ
8/10/2023 15:11:57,27709,TL,1393,H,TR453876911,673605887,SİBEL ÖZÇELİK,X Bank,TR959151798,HAYATİ VURAL
8/10/2023 15:13:57,40213,TL,1685,H,TR453761588,673743904,REZZAN ARSLAN,X Bank,TR568914905,ERSEN KADI
8/10/2023 15:15:57,35162,USD,1556,H,TR453492011,674935427,ENGİN SAK,X Bank,TR127800327,ŞERMİN SOYKAMER
8/10/2023 15:17:57,11579,USD,1037,H,TR449463030,675154269,MURAT GÖK,X Bank,TR812255541,FIRAT KÖYCÜ
8/10/2023 15:19:57,16893,USD,1150,H,TR448976377,675728641,MEHMET ÇINKIR,X Bank,TR893531138,ÖZLEM AKIN
8/10/2023 15:21:57,38280,EUR,1646,H,TR447894265,677782340,KONURALP PEKEL,X Bank,TR950789560,SALİM BALSAK
8/10/2023 15:23:57,32895,TL,1515,H,TR447037691,678182380,ŞULE MİNE ÇEVİKER,X Bank,TR884013034,SELÇUK GÜRBÜZ
8/10/2023 15:25:57,48777,TL,1896,H,TR446548901,679042744,GÜLPERİ KARA,X Bank,TR748864539,REFİK ŞAHİN
8/10/2023 15:27:57,44332,TL,1778,H,TR445526424,679652644,ÜMİT DÜZKALIR,X Bank,TR967690284,MELİA GÜMÜŞAY
8/10/2023 15:29:57,33447,EUR,1526,H,TR444879087,680863175,METE YILDIRIM,X Bank,TR901567049,DAMLA KARPUZOĞLU
8/10/2023 15:31:57,34797,USD,1548,H,TR444602275,682933481,ATAKAN ÖZDEMİR,X Bank,TR821568755,GÖKHAN GENÇPINAR
8/10/2023 15:33:57,24089,USD,1302,H,TR444554660,684052304,ATAKAN KULAÇ,X Bank,TR196451556,VOLKAN YILDIZ ALTUN
8/10/2023 15:35:57,24336,TL,1307,H,TR444325525,684795712,LEVENT KILIÇ,X Bank,TR830512903,EMİNE TARLAN
8/10/2023 15:37:57,46651,EUR,1839,H,TR442164507,684802172,MEHMET ACARBULUT,X Bank,TR301025672,MURAT KAYA
8/10/2023 15:39:57,36454,USD,1594,H,TR441222420,684854388,ERSEN HAVAS,X Bank,TR233555607,MUSTAFA KAYA
8/10/2023 15:41:57,10873,EUR,1019,H,TR440599451,687136655,EVRE KARAGÖZ,X Bank,TR198301190,MEHMET EROĞLU
8/10/2023 15:43:57,40713,EUR,1689,H,TR433533254,687471561,SEMRA ÜNAL,X Bank,TR302287691,TUBA SELÇUK
8/10/2023 15:45:56,49255,EUR,1904,H,TR432363942,693297242,URAL TÜRKDOĞAN,X Bank,TR639046652,SEVİL BALCI
8/10/2023 15:47:56,44809,USD,1791,H,TR431697057,698544665,EBRU ACARBULUT,X Bank,TR715145023,BARIŞ ÖZÇELİK
8/10/2023 15:49:56,22447,USD,1266,H,TR431550419,698726020,ERSEN GÜLEN AKKÜÇÜK,X Bank,TR972413705,İKLİL YENİDÜNYA
8/10/2023 15:51:56,36751,EUR,1607,H,TR430975141,699089473,ERDAL AZAK,X Bank,TR875265489,İLKER YILMAZ
8/10/2023 15:53:56,26886,EUR,1373,H,TR429597204,699665417,SERHAT UZUN,X Bank,TR315137826,ŞAFAK EMLAKÇIOĞLU
8/10/2023 15:55:56,36472,USD,1595,H,TR427406202,699961792,ATAKAN KAYA,X Bank,TR808516006,EMİN TONYUKUK ERTEM
8/10/2023 15:57:56,41619,EUR,1712,H,TR426973111,703149690,TÜMAY YENİDOĞAN,X Bank,TR425852530,FERHAN ULUBAŞOĞLU
8/10/2023 15:59:56,12885,TL,1066,H,TR426588397,709075056,REFİK ERASLAN,X Bank,TR486861593,NİHAT BERKAY DÜZKALIR
8/10/2023 16:01:56,45042,TL,1798,H,TR425939631,709281460,CENGİZ BİNBOĞA,X Bank,TR487191792,TUBA HANIM GÜL
8/10/2023 16:03:56,13955,EUR,1086,H,TR425852530,709981929,GÖZDE YALNIZ,X Bank,TR823829750,AHMET AYDOĞAN
8/10/2023 16:05:56,27576,TL,1391,H,TR425468702,710939107,NURSEL ÇELİK,X Bank,TR527037679,ASUDAN TUĞÇE MERCAN
8/10/2023 16:07:56,41818,TL,1720,H,TR423821747,711047294,EMİNE TÜLPAR,X Bank,TR444554660,FADIL ÖZTÜRK
8/10/2023 16:09:56,23227,TL,1284,H,TR422635653,711184126,PAPATYA GÜLEN,X Bank,TR610768995,MEHTAP ŞAHİN
8/10/2023 16:11:56,15804,EUR,1127,H,TR421359586,711428678,ÖZLEM ÇEVİK,X Bank,TR273483673,OSMAN TURGUT ALAY
8/10/2023 16:13:56,28514,TL,1413,H,TR420204346,712270637,ZELİHA VURAL,X Bank,TR324208110,DENİZ YADİGAROĞLU
8/10/2023 16:15:56,20780,TL,1228,H,TR419868939,712426313,VOLKAN TUNÇAY,X Bank,TR782353772,İLKNUR KÖSE
8/10/2023 16:17:56,48694,TL,1894,H,TR419189196,713007094,PAPATYA BOZOĞLAN,X Bank,TR856263279,FATMA İLGÜN
8/10/2023 16:19:56,42159,USD,1729,H,TR418415447,714820629,BURCU BAŞKAN,X Bank,TR959560772,MURAT VATANSEVER
8/10/2023 16:21:56,14637,TL,1101,H,TR418018861,720801134,MERAL LEMAN KÜFECİLER,X Bank,TR552672965,PAPATYA BOZOĞLAN
8/10/2023 16:23:56,33935,TL,1529,H,TR417833433,720868781,MEHMET GÖKALP,X Bank,TR806158913,LEVENT ŞİMŞEK
8/10/2023 16:25:56,10042,EUR,1001,H,TR417254174,721773468,YASEMİN SARAL,X Bank,TR358256929,HÜMEYRA ÇETİN
8/10/2023 16:27:56,21430,TL,1247,H,TR415196812,722191290,ERHAN DÜZ,X Bank,TR752371621,İLKNUR KİŞİ
8/10/2023 16:29:56,46448,TL,1836,H,TR414785166,723665116,MUMUN DUMAN,X Bank,TR990300552,SEMA BÜKÜLMEZ
8/10/2023 16:31:56,36676,EUR,1602,H,TR412578643,723820595,SİMGE KIZILTEPE,X Bank,TR683219392,REFİK BAKIRCI
8/10/2023 16:33:56,46840,EUR,1843,H,TR412104774,726494441,SİBEL TOPALOĞLU,X Bank,TR622842602,İKLİL TOPAL
8/10/2023 16:35:56,37229,USD,1620,H,TR409840981,727835785,ZÜHAL GÜLSÜM TOLA,X Bank,TR866019250,MEHTAP IŞIK
8/10/2023 16:37:56,20350,EUR,1219,H,TR409700078,728803839,FIRAT KÖYCÜ,X Bank,TR341967364,ÖZGÜR CÖMERT
8/10/2023 16:39:56,37578,EUR,1634,H,TR408303737,731259122,ŞERMİN MURT,X Bank,TR120546352,VELAT GÜNDOĞDU
8/10/2023 16:41:56,38857,USD,1659,H,TR406146480,732750089,SAMET BUDUNOĞLU,X Bank,TR488204172,GÜLSEREN KARACA
8/10/2023 16:43:56,34256,USD,1536,H,TR405528244,734135491,İBRAHİM AVCIOĞLU,X Bank,TR569437070,İLKER AKŞAHİN
8/10/2023 16:45:56,10854,TL,1018,H,TR405432531,734715800,ÜMİT KILIÇ,X Bank,TR912744564,TUĞRUL AYVAZ
8/10/2023 16:47:56,25311,USD,1331,H,TR404592371,736305560,YELİZ GÖLEMEZ,X Bank,TR803197347,AYLİA HALHALLI
8/10/2023 16:49:56,17997,TL,1174,H,TR400426854,736409081,SERPİL HAVAS,X Bank,TR543090562,ALİ HALUK GERİLMEZ
8/10/2023 16:51:56,46419,USD,1835,H,TR400424824,736878491,ELİF SEZGİN,X Bank,TR720356131,FERHAN CANTÜRK
8/10/2023 16:53:56,13576,TL,1079,H,TR400216799,740716847,SELÇUK KANDEMİR,X Bank,TR771294019,NAGİHAN YAVAŞİ
8/10/2023 16:55:56,49747,EUR,1912,H,TR400150163,740981692,KALENDER TOPAL,X Bank,TR517611088,ÜMİT DÜZKALIR
8/10/2023 16:57:56,10756,EUR,1012,H,TR397985482,741894014,İKLİL DESTEGÜL,X Bank,TR156896713,YAHYA KAYA
8/10/2023 16:59:56,28833,USD,1419,H,TR397681687,743674225,EVREN KARAKUM,X Bank,TR643614856,FUAT BÜYÜKCAM
8/10/2023 17:01:56,25162,USD,1327,H,TR396125001,743897503,VOLKAN YILDIZ ALTUN,X Bank,TR815144124,MURAT GÖKSOY
8/10/2023 17:03:56,28322,USD,1406,H,TR395831416,745437416,REFİK IŞIK,X Bank,TR803219917,ŞERMİN BAYRAKTAR
8/10/2023 17:05:56,34700,USD,1544,H,TR395358166,745490230,ŞULE MİNE ERTEKİN,X Bank,TR484154557,TURGAY YILMAZ YALÇINKAYA
8/10/2023 17:07:56,14084,TL,1089,H,TR395293951,746214884,ÖZDEN GÜNDÜZ,X Bank,TR790065124,DENİZ SONAY
8/10/2023 17:09:56,18695,USD,1186,H,TR395288929,747231945,ÖZGÜR GÜNEY KOCABAŞ,X Bank,TR446548901,MEHRİ GEDİK YILMAZ
8/10/2023 17:11:56,25855,EUR,1345,H,TR395208653,747534035,TİMUR ÖNVERMEZ,X Bank,TR111204857,HATUN SORGUN EVCİLİ
8/10/2023 17:13:56,36383,USD,1586,H,TR394969408,747543388,İLKNUR YÜKSEL,X Bank,TR479783962,HÜMEYRA DİLLİ
8/10/2023 17:15:56,44261,USD,1775,H,TR394423674,748884647,YAHYA KAYA,X Bank,TR502568778,PAPATYA YÜZBAŞIOĞLU
8/10/2023 17:17:56,11263,TL,1026,H,TR392832478,749478913,MEHMET KÖKSOY,X Bank,TR792544485,ŞULE MİNE CANACANKATAN
8/10/2023 17:19:56,46079,TL,1824,H,TR392349871,750013211,AYLİA BOLAT,X Bank,TR640106830,DENİZ KUTLUCAN BAĞCI
8/10/2023 17:21:56,32624,USD,1508,H,TR391353719,750988094,KENAN POLAT ÇİÇEK,X Bank,TR185114067,HASAN DOĞAN
8/10/2023 17:23:56,46892,TL,1846,H,TR388684873,751287246,PAPATYA ÖCAL,X Bank,TR588770344,İLKNUR TÜFEKÇİ
8/10/2023 17:25:56,18234,USD,1178,H,TR388019476,751709329,NUR BALLI,X Bank,TR234977383,ÖZEN ÖZLEM YILDIZ
8/10/2023 17:27:56,25900,EUR,1349,H,TR387991208,751729479,KERİM KABA,X Bank,TR264643883,YELİZ GÖLEMEZ
8/10/2023 17:29:56,32139,TL,1501,H,TR387775413,752017096,İLKNUR GÜLŞAN,X Bank,TR793346014,SABAHATTİN ÇELİK
8/10/2023 17:31:56,39819,TL,1676,H,TR387603363,753274612,EMEL ALPAYCI,X Bank,TR557773488,İLKER AKINCI
8/10/2023 17:33:56,33386,TL,1523,H,TR387365484,754679511,HATİCE BÖLÜK,X Bank,TR594318677,MUSTAFA BAYRAMOĞLU
8/10/2023 17:35:56,22774,EUR,1275,H,TR387079371,756111098,ÖZLEM SEVİNGİL,X Bank,TR495895778,CENGİZ BİNBOĞA
8/10/2023 17:37:56,38138,EUR,1642,H,TR386744956,756460549,ENDER KARACAN ERŞEKERCİ,X Bank,TR957885680,HASAN CİNDEMİR
8/10/2023 17:39:56,17963,TL,1173,H,TR386676512,756526069,MEHMET ÖZGÜR CENGİZ,X Bank,TR289692328,SALİM MERCAN
8/10/2023 17:41:56,42944,TL,1742,H,TR386229862,756581332,VOLKAN TEKİN,X Bank,TR841009549,İKLİL ADANIR
8/10/2023 17:43:56,43793,USD,1769,H,TR385354080,756719366,ÜMİT KOÇARSLAN,X Bank,TR560527121,OSMAN ATAY
8/10/2023 17:45:56,37637,USD,1636,H,TR384313422,758843669,BİLGE TİMURTAŞ DAYAR,X Bank,TR387079371,ÖZGÜR ASOĞLU
8/10/2023 17:47:56,41386,TL,1703,H,TR383452485,758855185,ÖZGÜR SEVİNÇ,X Bank,TR745153025,EMİNE TOPRAK
8/10/2023 17:49:56,13249,TL,1075,H,TR380737960,759733273,ÖZGÜR FAKIOĞLU,X Bank,TR405528244,METE URFALI
8/10/2023 17:51:56,25899,TL,1348,H,TR379330377,759820954,MEHTAP ŞAHİN,X Bank,TR634759758,ZÜLFİYE SEÇİR
8/10/2023 17:53:56,27511,USD,1388,H,TR377800845,760897993,ZERRİN KARAKOYUN,X Bank,TR203457251,MURAT ÖZMEN
8/10/2023 17:55:56,20345,USD,1218,H,TR375432126,761135913,MURAT KAYA,X Bank,TR890921938,ÖZLEM DURÇ ÖZTÜRK
8/10/2023 17:57:56,27418,USD,1385,H,TR373972335,761803274,LEVENT ALUÇLU,X Bank,TR805444737,AYLİA GÜVEN MEŞE
8/10/2023 17:59:56,20850,TL,1232,H,TR371718137,763095453,FATİH KAYA,X Bank,TR936763828,ÜMİT AYDOĞAN
8/10/2023 18:01:56,34554,USD,1539,H,TR370724046,765010977,SERDAL ERTEKİN,X Bank,TR862490720,DİANA BAŞMAN
8/10/2023 18:03:56,22925,USD,1280,H,TR369936832,765755435,ÜMİT YILMAZ İNAL,X Bank,TR572688285,FATİH NAZMİ ŞELİMAN
8/10/2023 18:05:56,20622,TL,1224,H,TR369444428,765950477,İLKER AKÖZ,X Bank,TR618156840,HASAN SERKAN BABUŞ
8/10/2023 18:07:56,48650,EUR,1888,H,TR366757499,766371175,MÜBECCEL SARAÇ,X Bank,TR645886077,HALİL KARAHAN
8/10/2023 18:09:56,29295,EUR,1429,H,TR366674145,767426565,EVRİM GAYRETLİ AYDIN,X Bank,TR865060870,REŞAT TARKAN
8/10/2023 18:11:56,13039,TL,1071,H,TR365384740,767594452,SELÇUK ÖĞÜT AYDIN,X Bank,TR752440587,ŞERMİN UYSAL
8/10/2023 18:13:56,45155,USD,1801,H,TR363762804,771145540,HÜMEYRA YÜKSEL,X Bank,TR460037872,GÖKMEN ŞENTÜRK
8/10/2023 18:15:56,22067,TL,1259,H,TR363645528,773675794,CEYDA NURÇİN,X Bank,TR420204346,HASAN KAYA
8/10/2023 18:17:56,10387,EUR,1003,H,TR362750657,773737672,TÜLAY ASENA,X Bank,TR462285817,ŞULE MİNE YANCAR
8/10/2023 18:19:56,42141,USD,1727,H,TR361247486,774069720,FADİME SEVGİ ÜREYEN,X Bank,TR862999092,YASEMİN SARAL
8/10/2023 18:21:56,15828,EUR,1128,H,TR359364782,776124311,ALİ HALUK GERİLMEZ,X Bank,TR678533517,HÜMEYRA KUSERLİ
8/10/2023 18:23:56,26176,USD,1356,H,TR358256929,776201286,GÜLBAHAR KOCABAŞ,X Bank,TR792768403,SALİM KARPUZ
8/10/2023 18:25:56,14482,TL,1095,H,TR355222499,777778251,SALİM MERCAN,X Bank,TR188506931,BİLGE TİMURTAŞ DAYAR
8/10/2023 18:27:56,35273,EUR,1559,H,TR354221039,782138024,MEHTAP IŞIK,X Bank,TR252123556,ÖZGÜR KAYAYURT
8/10/2023 18:29:56,18411,TL,1182,H,TR351554306,783463385,ELİF ERBAŞ,X Bank,TR250774798,AYLİA TANTEKİN
8/10/2023 18:31:56,14756,EUR,1104,H,TR350775622,783483469,ÖZLEM AKIN,X Bank,TR616572429,FADİME SEVGİ YÜCEL
8/10/2023 18:33:56,25320,TL,1333,H,TR350054543,783749681,SEDAT ÖRNEK,X Bank,TR782601112,ÖZLEM BİLGİÇ
8/10/2023 18:35:56,12982,EUR,1069,H,TR349164029,784731451,İLKNUR BÜYÜKCAM,X Bank,TR912521331,SELÇUK AKIN
8/10/2023 18:37:56,36429,USD,1591,H,TR348590757,785778527,TAYLAN CANDAN,X Bank,TR795889398,ÖZNUR İLKAY
8/10/2023 18:39:56,10778,USD,1013,H,TR347034547,785869037,HÜMEYRA KAYACAN,X Bank,TR234938817,URAL TÜRKDOĞAN
8/10/2023 18:41:56,45860,EUR,1820,H,TR343184418,788914870,NİHAL GENÇ TALAS,X Bank,TR966506510,İLKNUR YAZAK
8/10/2023 18:43:56,27897,EUR,1399,H,TR341967364,789141333,ERGÜN ALMACIOĞLU,X Bank,TR546920784,MÜSLİM ERGİNTÜRK ACAR
8/10/2023 18:45:56,35928,EUR,1575,H,TR340192412,790073164,ŞERMİN YENİGÜN,X Bank,TR696215702,BAYRAM YILDIRIM
8/10/2023 18:47:56,16662,USD,1143,H,TR339958952,790767670,REFİK BAKIRCI,X Bank,TR705885367,ZEYNEP YENİGÜN
8/10/2023 18:49:56,18803,USD,1189,H,TR339133998,791539611,MAHMUT KANDEMİR,X Bank,TR417254174,ERHAN DÜZ
8/10/2023 18:51:56,26332,USD,1361,H,TR338237257,792266882,EMİNE YABUL,X Bank,TR602494421,MELTEM ARSLAN
8/10/2023 18:53:56,38444,EUR,1650,H,TR337638092,793349733,HÜMEYRA ARGA,X Bank,TR987578254,GÖKHAN KUCUR TÜLÜBAŞ
8/10/2023 18:55:56,35018,EUR,1553,H,TR335099085,794561435,İLKNUR YAZAK,X Bank,TR718254988,MUAMMER HAYRİ SOYKAMER
8/10/2023 18:57:56,47562,EUR,1859,H,TR334888906,795262674,YASİN HEPKAYA,X Bank,TR917499965,BÜNYAMİN DEDE
8/10/2023 18:59:56,19001,USD,1192,H,TR331945523,796978166,LEVENT TUTAŞ,X Bank,TR786158594,İLKNUR ŞEN
8/10/2023 19:01:56,22682,EUR,1272,H,TR330960393,799071796,SEZGİ BULUT,X Bank,TR266706110,MUSTAFA ŞEYHANLI
8/10/2023 19:03:56,22572,USD,1270,H,TR329871952,801094221,ÖZLEM BİLGİ,X Bank,TR957407290,SEVDA ÖZDEMİR
8/10/2023 19:05:56,29632,TL,1436,H,TR329536935,803400482,ÖZLEM TÜRKOĞLU,X Bank,TR666546833,FADİME SEVGİ CELTEMEN
8/10/2023 19:07:56,42498,TL,1733,H,TR326095183,804893133,DENİZ ÖZER,X Bank,TR423821747,KAMİL DEMİR
8/10/2023 19:09:56,48126,TL,1873,H,TR325626033,806591836,ELİF EKİCİ,X Bank,TR120691670,NEZİH TÖNGE
8/10/2023 19:11:56,45391,EUR,1807,H,TR325412179,811033536,SERPİL İNCE,X Bank,TR705150999,GÖKHAN KAYABAŞ
8/10/2023 19:13:56,49172,EUR,1901,H,TR324682983,812609622,MELİA DEDE,X Bank,TR145593343,SELÇUK NİZAM
8/10/2023 19:15:56,46568,USD,1838,H,TR324574615,812832860,MUSTAFA KÖKSAL,X Bank,TR556147472,ÖZGÜR PİŞİRGEN
8/10/2023 19:17:56,41577,EUR,1711,H,TR324431367,812990713,YASER KUCUR TÜLÜBAŞ,X Bank,TR789514857,CEREN TURGUT
8/10/2023 19:19:56,20929,EUR,1236,H,TR324208110,813291858,AYLİA YILDIRIM,X Bank,TR655619663,MEHTAP YURDSEVEN
8/10/2023 19:21:56,41861,USD,1722,H,TR322344609,814469296,ÖZNUR AK,X Bank,TR608931689,FERHAN MALÇOK
8/10/2023 19:23:56,26185,EUR,1357,H,TR320139397,815276569,MUSTAFA TATAR,X Bank,TR427406202,MEHTAP DUMAN
8/10/2023 19:25:56,20839,USD,1231,H,TR318761031,815900886,ÖZLEM ŞATIR ERTEM,X Bank,TR409700078,UFUK GÜLEN
8/10/2023 19:27:56,47042,EUR,1847,H,TR318102057,816493918,MUSTAFA ŞEYHANLI,X Bank,TR242225098,AKSEL DOĞAN
8/10/2023 19:29:56,30342,USD,1459,H,TR317224985,816543075,YÜCEL ÖZTÜRK,X Bank,TR279821137,PINAR YİĞİT
8/10/2023 19:31:56,24432,EUR,1311,H,TR315137826,817110668,İLKNUR TÜFEKÇİ,X Bank,TR713971958,ZÜHAL GÜLSÜM HEPKAYA
8/10/2023 19:33:56,36425,TL,1590,H,TR314477958,817136614,DENİZ KANIK YÜKSEK,X Bank,TR455578813,ARDA YILDIRIM
8/10/2023 19:35:56,34005,USD,1531,H,TR313943812,819650205,ZEYNEP BAYMAK,X Bank,TR528497063,MEHMET BURHAN ÇETİN
8/10/2023 19:37:56,47978,EUR,1869,H,TR313918663,820402140,ŞULE MİNE CANDAN,X Bank,TR579837667,MEHMET CEYLAN
8/10/2023 19:39:56,29393,TL,1434,H,TR313409747,823933081,SERHAT KÖROĞLU,X Bank,TR875701521,GÖKHAN ERKURAN
8/10/2023 19:41:56,24494,TL,1316,H,TR312876717,824250808,LEYLA AHISKALI,X Bank,TR999841433,ŞERMİN MESCİ HAFTACI
8/10/2023 19:43:56,15495,EUR,1122,H,TR312793355,824613777,ÖZGÜR UYANIK,X Bank,TR397985482,BARIŞ DEMİRAY
8/10/2023 19:45:56,20812,USD,1230,H,TR311393337,825204699,GAMZE ALTUN,X Bank,TR271817539,İLKNUR ERDOĞAN
8/10/2023 19:47:56,21883,USD,1256,H,TR311340964,826018328,SENEM AK,X Bank,TR296093129,SERPİL İNCE
8/10/2023 19:49:56,21820,USD,1253,H,TR310532030,826138120,ERSEN GÜNDÜZ,X Bank,TR587475981,AYŞE KAZANCI
8/10/2023 19:51:56,28424,USD,1412,H,TR310468167,826871946,ERSEN YARBİL,X Bank,TR326095183,SEMA NİLAY KAYA
8/10/2023 19:53:56,42095,TL,1725,H,TR310200976,827350082,ÖZGÜR ASOĞLU,X Bank,TR497693842,CEYDA NURÇİN
8/10/2023 19:55:56,43720,EUR,1767,H,TR310013210,827543627,EMİNE MUMCUOĞLU,X Bank,TR313943812,REFİK SARI
8/10/2023 19:57:56,13685,TL,1081,H,TR308924234,828114781,SERÇİN ARSLAN,X Bank,TR369444428,ŞERMİN MURT
8/10/2023 19:59:56,37740,USD,1637,H,TR307929679,829038219,MAHPERİ YILDIRIM,X Bank,TR531305738,SÜHEYLA TÜFEKÇİ
8/10/2023 20:01:56,49396,TL,1907,H,TR307863316,829183654,VOLKAN IŞIKALAN,X Bank,TR581586617,MUSTAFA AKDUMAN
8/10/2023 20:03:56,49187,EUR,1902,H,TR304790081,830670509,ŞULE MİNE YİĞİT,X Bank,TR748090494,SEBAHAT UYAR
8/10/2023 20:05:56,43601,TL,1763,H,TR304619333,833535093,AYSUN AYTAÇ,X Bank,TR925116226,ÜMİT YERAL
8/10/2023 20:07:56,40767,EUR,1690,H,TR304585453,833669576,AYLİA ORHAN,X Bank,TR971385059,EMEL ALPAYCI
8/10/2023 20:09:56,21623,TL,1251,H,TR302287691,833998104,HARUN ERDEM,X Bank,TR214186463,RESA ERCAN
8/10/2023 20:11:56,18726,EUR,1187,H,TR301772402,835085897,MEHMET ÖZDEMİRKIRAN,X Bank,TR157394481,SERDAL ERTEKİN
8/10/2023 20:13:56,44477,EUR,1782,H,TR301025672,836779215,HASİBE AKASLAN,X Bank,TR219468469,AYLİA BOLAT
8/10/2023 20:15:56,25875,EUR,1347,H,TR300783801,838453468,ŞERMİN YALÇINKAYA,X Bank,TR522066446,BAŞAK GÜLER
8/10/2023 20:17:56,36883,USD,1616,H,TR299853893,839204333,UMUT CAN DEMİRTAŞ,X Bank,TR878907169,MELİA DOĞAN
8/10/2023 20:19:56,24352,EUR,1309,H,TR299558335,839682410,REZAN ÖZTÜRK,X Bank,TR524603131,GÖKHAN SEVER
8/10/2023 20:21:56,31393,TL,1483,H,TR299083992,841198503,METE YEŞİLDAĞER,X Bank,TR915615339,EMİNE DOĞAN
8/10/2023 20:23:56,43105,EUR,1744,H,TR298756537,841480681,HASAN KAYA,X Bank,TR244689182,METE AKKAYA
8/10/2023 20:25:56,39195,EUR,1664,H,TR297529990,842505791,GÖKTEN METİNEREN,X Bank,TR373972335,SALİM GERDAN
8/10/2023 20:27:56,15510,USD,1123,H,TR296093129,844868645,FERHAN KAPLAN,X Bank,TR282899332,DERYA ÇİMEN
8/10/2023 20:29:56,20899,EUR,1234,H,TR291624528,845385360,METE TÜRKDOĞAN,X Bank,TR500814830,İLKNUR YÜKSEL
8/10/2023 20:31:56,41153,TL,1699,H,TR290354475,845621320,SALİM ATASOY,X Bank,TR337638092,MELDA EKER
8/10/2023 20:33:56,10442,USD,1004,H,TR290076774,846473559,VOLKAN ESER,X Bank,TR908166792,SİBEL BULUR
8/10/2023 20:35:56,16672,USD,1144,H,TR289692328,847037975,ŞERMİN KARAKÖSE,X Bank,TR444879087,ERGÜL ALPINAR
8/10/2023 20:37:56,19210,TL,1198,H,TR288744707,847185582,HALİL KARAHAN,X Bank,TR907074038,ÜMİT BALABAN
8/10/2023 20:39:56,14757,USD,1105,H,TR287836985,847418683,FADIL ÖZTÜRK,X Bank,TR262100858,ÖZLEM ŞATIR ERTEM
8/10/2023 20:41:56,11675,EUR,1038,H,TR286629093,847743811,GÜLDEHEN KILIÇ,X Bank,TR241039172,SERKAN FAZLI YILMAZ
8/10/2023 20:43:56,35896,EUR,1574,H,TR285563149,847886758,TUFAN AKIN YİĞİT,X Bank,TR800457534,İSMAİL EVREN AKGÜL
8/10/2023 20:45:56,27508,EUR,1387,H,TR285493679,848934338,JÜLİDE ZEHRA DUYSAK,X Bank,TR868491618,ELİF SEZGİN
8/10/2023 20:47:56,19172,TL,1197,H,TR284183269,849273253,ZEYNEP URFALI,X Bank,TR820287837,HÜMEYRA BOLAT
8/10/2023 20:49:56,29730,USD,1440,H,TR284175846,849947101,TUBA AKCAN ATASOY,X Bank,TR996778384,MEHMET ALDİNÇ
8/10/2023 20:51:56,46172,EUR,1828,H,TR282899332,850032065,FADİME SEVGİ YILMAZ,X Bank,TR917323975,AYSUN AYTAÇ
8/10/2023 20:53:56,10470,EUR,1005,H,TR279821137,852320803,ESMA ÖZLEM AYDIN,X Bank,TR167669887,DENİZ ÇETİN
8/10/2023 20:55:56,36285,USD,1584,H,TR279242906,852700880,MURAT ERDEM,X Bank,TR426973111,EBRU KORKMAZ
8/10/2023 20:57:56,34625,USD,1543,H,TR277365884,854047817,AYLİA ÇETİNTAŞ,X Bank,TR898286945,HATİCE ULUBA
8/10/2023 20:59:56,41005,EUR,1696,H,TR273483673,854400851,HATİCE EYLÜL GÖZAÇAN,X Bank,TR133945330,AYLA GÜVENÇ
8/10/2023 21:01:56,21051,TL,1240,H,TR272758363,855012609,FUAT OFLAZ,X Bank,TR788674863,VOLKAN KÜTÜK
8/10/2023 21:03:56,25629,TL,1343,H,TR271817539,855849756,IŞIL UZUN,X Bank,TR312876717,TEVFİK ÖZGÜN ÖZÇELİK ORAL
8/10/2023 21:05:56,46803,USD,1842,H,TR268265946,855903643,SELÇUK GÜRBÜZ,X Bank,TR651535395,DENİZ AKDENİZ
8/10/2023 21:07:56,31782,USD,1493,H,TR267015903,855969909,LEVENT DEĞİRMENCİ,X Bank,TR784855422,İLKNUR GÜLŞAN
8/10/2023 21:09:56,30379,USD,1464,H,TR266991052,856219137,DENİZ KARAGÖZ,X Bank,TR733299022,ÖZLEM AKSEL
8/10/2023 21:11:56,16139,TL,1136,H,TR266797552,857262627,DİLEK YAMAN,X Bank,TR735681335,MELİA DEDE
8/10/2023 21:13:56,27501,USD,1386,H,TR266706110,857982539,REMZİYE AKDOĞAN,X Bank,TR930629011,ERSEN YARBİL
8/10/2023 21:15:56,44275,USD,1777,H,TR266681627,861509022,İLKER GÜL,X Bank,TR334888906,GÖKHAN EROĞLU
8/10/2023 21:17:56,35360,USD,1562,H,TR266544057,862067842,MUSTAFA SARAÇOĞLU ÇEKİÇ,X Bank,TR185298709,FADİME SEVGİ ÜREYEN
8/10/2023 21:19:56,46350,EUR,1831,H,TR265284790,862120640,VOLKAN ATAY,X Bank,TR242951989,NEBİ KAYAYURT
8/10/2023 21:21:56,27132,TL,1380,H,TR264643883,862204999,MURAT GÜLER,X Bank,TR521701882,BAHRİ BODUROĞLU
8/10/2023 21:23:56,28972,TL,1420,H,TR264095661,863090085,HÜSEYİN YAVUZ ERGE,X Bank,TR395293951,SALİHA BAYRAM
8/10/2023 21:25:56,17130,TL,1158,H,TR262100858,863405995,ÖZGÜR ULUSOY,X Bank,TR971455927,MESUT ARSLAN
8/10/2023 21:27:56,35705,USD,1570,H,TR260795109,863688391,ELİF ÖZCAN,X Bank,TR415196812,HASİBE AKASLAN
8/10/2023 21:29:56,23209,EUR,1283,H,TR260569469,865254132,ŞERMİN ORHAN,X Bank,TR447894265,YILDIZ DEMİRGAN
8/10/2023 21:31:56,27919,EUR,1400,H,TR260312612,865266503,DENİZ SARP,X Bank,TR395208653,SEDAT KOCAKAYA ALTUNDAL
8/10/2023 21:33:56,16766,EUR,1146,H,TR260083609,865892523,MURAT ÇOLAK,X Bank,TR660829420,ŞERMİN YALÇINKAYA
8/10/2023 21:35:56,12160,USD,1046,H,TR259227134,866019409,DERYA ÇİMEN,X Bank,TR832294923,NUR BALLI
8/10/2023 21:37:56,31645,TL,1490,H,TR258911901,866254657,FİLİZ KARAMANLI,X Bank,TR395831416,İSMAİL ADANIR
8/10/2023 21:39:56,42880,EUR,1741,H,TR256020592,867235506,İNCİ DEMİREL,X Bank,TR873211129,MUSTAFA OLMAZ
8/10/2023 21:41:56,42539,EUR,1734,H,TR253293794,868894551,BEDRİYE MÜGE YÜCEL,X Bank,TR550930480,HANDE YILMAZ ÇİFTDOĞAN
8/10/2023 21:43:56,27639,EUR,1392,H,TR253023035,869019554,MEHTAP KORKMAZ,X Bank,TR884752792,ONUR KUTLUCAN BAĞCI
8/10/2023 21:45:56,41801,USD,1719,H,TR252123556,869064329,TAYFUR YILMAZ,X Bank,TR299558335,VELİ ENES ÖZEKLİ MISIRLIOĞLU
8/10/2023 21:47:56,21838,TL,1254,H,TR251760365,874993834,REFİK DOĞAN,X Bank,TR298756537,ATAKAN GÜLER
8/10/2023 21:49:56,48207,TL,1876,H,TR250884940,875762710,REYHAN AKBULUT,X Bank,TR135999733,GÜLAY BEDER
8/10/2023 21:51:56,16508,USD,1141,H,TR250774798,876291670,HAYATİ VURAL,X Bank,TR691503295,METE DEMİRTAŞ
8/10/2023 21:53:56,19789,USD,1208,H,TR247642498,876506479,FADİME SEVGİ MUTLU,X Bank,TR400150163,TUFAN AKIN YİĞİT
8/10/2023 21:55:56,37285,USD,1622,H,TR246367301,877426737,DERVİŞ BEKTAŞ,X Bank,TR926958766,BİLGE ŞAHİN
8/10/2023 21:57:56,23298,TL,1288,H,TR244689182,879513690,SELÇUK KÜFECİLER,X Bank,TR996897724,ERSEN IŞIK
8/10/2023 21:59:56,16929,TL,1151,H,TR242951989,880268416,DENİZ ŞEN TANRIKULU,X Bank,TR565818891,KIVANÇ YAKAR
8/10/2023 22:01:56,38255,USD,1645,H,TR242242768,882408905,FEYZAHAN ARIKAN YORGUN,X Bank,TR264095661,MÜRŞİT BÜKÜM
8/10/2023 22:03:56,12050,TL,1045,H,TR242225098,885872666,SEMİH ERDEM,X Bank,TR405432531,SERÇİN ARSLAN
8/10/2023 22:05:56,48161,TL,1875,H,TR241362361,888840354,SALİM ALAN,X Bank,TR882453420,VOLKAN TUNÇAY
8/10/2023 22:07:56,13105,TL,1073,H,TR241039172,889059936,MÜNEVER KIZMAZOĞLU,X Bank,TR712507263,ÖZLEM KURT
8/10/2023 22:09:56,29771,TL,1442,H,TR240734836,889063052,MUHAMMED ALİ ÜLGER,X Bank,TR958259533,HÜMEYRA AKIN
8/10/2023 22:11:56,23474,EUR,1291,H,TR240666929,889370787,ONUR KUTLUCAN BAĞCI,X Bank,TR260083609,MURAT GÜLER
8/10/2023 22:13:56,15437,USD,1120,H,TR240457877,889914006,BİLGE ŞAHİN,X Bank,TR154028312,ATAKAN KAYA
8/10/2023 22:15:56,14509,EUR,1096,H,TR238610706,890053750,SAMİ FIRAT,X Bank,TR862349965,MUSTAFA ERSAGUN BULUT
8/10/2023 22:17:56,36668,USD,1601,H,TR238509530,892120364,İLKNUR KİŞİ,X Bank,TR715455473,ÜMİT ÇELİKER
8/10/2023 22:19:56,20481,EUR,1221,H,TR238304229,892658304,FERHAN BEDER,X Bank,TR425939631,MANSUR KÜRŞAD ÇEVİK
8/10/2023 22:21:56,10950,EUR,1020,H,TR237633524,893192818,RABİA AKINCI,X Bank,TR287836985,ÖZLEM ÇEVİK
8/10/2023 22:23:56,46677,USD,1840,H,TR237068926,894973821,AYSEL ÖZMEN SÜNER,X Bank,TR477941449,SEDAT ÖRNEK
8/10/2023 22:25:55,16844,USD,1149,H,TR236670048,896783358,DUYGU DUMLU,X Bank,TR850078371,SİMGE KIZILTEPE
8/10/2023 22:27:55,30376,EUR,1463,H,TR234977383,897211425,ÖZGÜR ARSLAN,X Bank,TR133254190,ERSEN GÜNDÜZ
8/10/2023 22:29:55,44755,EUR,1789,H,TR234938817,897356005,VOLKAN CAMCI,X Bank,TR889128760,AHMET BÜYÜKTAŞ
8/10/2023 22:31:55,40093,EUR,1682,H,TR234044797,898348077,MEHMET KISA KARAKAYA,X Bank,TR977817410,HANDAN TAVŞAN
8/10/2023 22:33:55,47373,EUR,1853,H,TR233555607,898444853,SELÇUK ATAY,X Bank,TR205566667,İKLİL ABACIOĞLU
8/10/2023 22:35:55,36313,EUR,1585,H,TR233210765,899493672,ESRA KURT,X Bank,TR529508019,SAADET SULHAN
8/10/2023 22:37:55,11358,EUR,1031,H,TR232273080,900487804,MEHMET ATİK,X Bank,TR349164029,EMİNE BEREKET
8/10/2023 22:39:55,35059,TL,1554,H,TR229524748,901118256,ZAFER YILMAZ,X Bank,TR330960393,ŞULE MİNE IŞIK
8/10/2023 22:41:55,38478,EUR,1651,H,TR226065147,901509732,MELİA YÜCETÜRK,X Bank,TR163162013,VOLKAN TAHTACI
8/10/2023 22:43:55,23812,TL,1295,H,TR226010025,903564525,ŞERMİN UYANIK,X Bank,TR898428071,SEVGÜL ÖZTÜRK
8/10/2023 22:45:55,43106,USD,1745,H,TR222493613,903823967,DENİZ SONAY,X Bank,TR604812034,MURAT KARTAL
8/10/2023 22:47:55,18375,USD,1180,H,TR222073116,904917553,METE ŞATIROĞLU,X Bank,TR266991052,İLKNUR BÜYÜKCAM
8/10/2023 22:49:55,41190,EUR,1700,H,TR220639383,907885720,FATİH KAYA,X Bank,TR237633524,TANER GÖKALP
8/10/2023 22:51:55,36389,TL,1588,H,TR220278253,907993158,DENİZ BİNNETOĞLU,X Bank,TR966981852,TİMUR ÖNVERMEZ
8/10/2023 22:53:55,36026,USD,1577,H,TR219562579,909594927,SALİM YALÇIN,X Bank,TR809214460,TUBA AKCAN ATASOY
8/10/2023 22:55:55,21027,USD,1239,H,TR219468469,910241389,ALİ SEÇKİN ÖZSOY,X Bank,TR181448749,SİBEL USTA GÜÇ
8/10/2023 22:57:55,24515,TL,1317,H,TR218611126,911495622,AYLİA EREN,X Bank,TR989081741,İNCİ DEMİREL
8/10/2023 22:59:55,18788,TL,1188,H,TR218386528,911990305,HASAN CİNDEMİR,X Bank,TR802886899,NURSEL BIÇAKÇI
8/10/2023 23:01:55,17005,USD,1155,H,TR215384516,912559151,ÖZLEM YARAR,X Bank,TR388684873,ÖZLEM YARAR
8/10/2023 23:03:55,38314,USD,1647,H,TR214420136,914517314,KÜRŞAT KAPLAN,X Bank,TR897062593,ÜLKÜ PEKTAŞ
8/10/2023 23:05:55,28255,TL,1405,H,TR214186463,915731534,LEVENT KARADEMİR,X Bank,TR962085954,ZERRİN KARAKOYUN
8/10/2023 23:07:55,12235,TL,1048,H,TR214135907,916392825,FEVZİ FIRAT ÖVEN USTAALİOĞLU,X Bank,TR461473996,ÇETİN TEKİN
8/10/2023 23:09:55,25470,EUR,1337,H,TR212680154,916448058,ERHAN YILDIRIM,X Bank,TR644418982,GÖZDE YALNIZ
8/10/2023 23:11:55,41257,USD,1701,H,TR212209076,917150751,EROL DEĞİRMENCİ,X Bank,TR604236811,ZÜHAL GÜLSÜM YURDAKÖK
8/10/2023 23:13:55,22898,TL,1279,H,TR211718655,919560750,ZÜHAL GÜLSÜM YURDAKÖK,X Bank,TR964734511,VOLKAN ESER
8/10/2023 23:15:55,43520,USD,1759,H,TR211689448,921509179,ÖZLEM AKSEL,X Bank,TR536375108,DUYGU DUMLU
8/10/2023 23:17:55,29410,TL,1435,H,TR211531928,921767365,ARİFE ESRA GÜMÜŞ,X Bank,TR593025844,HATİCE ÖZER
8/10/2023 23:19:55,47849,USD,1865,H,TR208159194,922521377,YENER ARKAN,X Bank,TR911425523,ŞAHABETTİN GAZETECİ TEKİN
8/10/2023 23:21:55,12498,TL,1053,H,TR206629748,922938520,ŞENAY SELVİ,X Bank,TR726474601,EMİNE BAYGELDİ
8/10/2023 23:23:55,46887,EUR,1845,H,TR205566667,924583464,BAHATTİN ÇAY,X Bank,TR925720770,ATAKAN PEKGÖZ
8/10/2023 23:25:55,42554,EUR,1735,H,TR204603904,924928121,ŞERMİN MESCİ HAFTACI,X Bank,TR299853893,SEDEF TUTAŞ
8/10/2023 23:27:55,19792,USD,1209,H,TR204028656,925302507,FERDA ÇETİN,X Bank,TR759927904,ÖZGÜR UYANIK
8/10/2023 23:29:55,22147,TL,1261,H,TR203457251,926099984,FATİH NAZMİ ŞELİMAN,X Bank,TR506965443,BATURAY KANSU MEMETOĞLU
8/10/2023 23:31:55,48568,TL,1886,H,TR203200482,926538412,ÖZGÜR ORAL,X Bank,TR414785166,İLKER TUNCER
8/10/2023 23:33:55,29353,USD,1430,H,TR202907354,927379794,SALİHA BAYRAM,X Bank,TR908422021,SELÇUK AYDIN
8/10/2023 23:35:55,16335,TL,1140,H,TR202896279,927704715,MEHTAP KARÇİN,X Bank,TR166539043,NİHAT ÇETİNKOR
8/10/2023 23:37:55,23689,TL,1293,H,TR201045276,927751290,METE DEMİRTAŞ,X Bank,TR893086932,AYLİA BABUŞ
8/10/2023 23:39:55,24861,EUR,1324,H,TR198581151,927817708,HALE ARSLAN KAŞDOĞAN,X Bank,TR215384516,ATAKAN ÖZDEMİR
8/10/2023 23:41:55,29172,USD,1425,H,TR198301190,927998148,FERHAN CANTÜRK,X Bank,TR814159317,LEVENT DEĞİRMENCİ AKAR
8/10/2023 23:43:55,18383,TL,1181,H,TR198299491,928036714,ÇETİN TEKİN,X Bank,TR165282660,MURAT ERDEN
8/10/2023 23:45:55,33022,USD,1517,H,TR197977239,928613219,EVRİM KORKMAZ,X Bank,TR317224985,REYHAN AKBULUT
8/10/2023 23:47:55,48744,TL,1895,H,TR197749863,930587110,HATUN SORGUN EVCİLİ,X Bank,TR310468167,EMEL KARAMAN
8/10/2023 23:49:55,14949,USD,1112,H,TR196504332,930978837,EMİNE BİLGİÇ,X Bank,TR265284790,İLKER EROL
8/10/2023 23:51:55,41621,TL,1713,H,TR196451556,932357389,ERGÜN KULAÇ,X Bank,TR440599451,ÖZLEM ARSLAN
8/10/2023 23:53:55,17759,EUR,1169,H,TR194590185,932485671,ÖZLEM LAĞARLI,X Bank,TR706131574,İLKER ÖZKURT
8/10/2023 23:55:55,26684,EUR,1368,H,TR193224845,933035213,SERKAN AYTEKİN,X Bank,TR160559812,SELÇUK GÜNDÜZ
8/10/2023 23:57:55,47229,TL,1852,H,TR192188746,933341366,GÖKHAN YASA,X Bank,TR119913646,AYSEL ÖZMEN SÜNER
8/10/2023 23:59:55,11091,USD,1022,H,TR189599620,933667202,MUHAMMET TAYYİP ŞAHİN,X Bank,TR652179483,MUSTAFA SELVİ
9/10/2023 00:01:55,48677,EUR,1890,H,TR188506931,934285374,ÖZLEM SAYGIN,X Bank,TR657296161,MUSTAFA NAR
9/10/2023 00:03:55,45316,EUR,1805,H,TR185298709,934338785,MEHTAP GÜNGÖR,X Bank,TR480031612,HARUN ÖCAL
9/10/2023 00:05:55,34849,USD,1550,H,TR185191851,938738807,MELİA BATÇIK,X Bank,TR975291160,FERHAN ULUÖZ
9/10/2023 00:07:55,23705,EUR,1294,H,TR185114067,939583388,EMRE KURT,X Bank,TR515594219,VOLKAN ÖZCAN
9/10/2023 00:09:55,26688,USD,1369,H,TR184746756,940343609,METE AKKAYA,X Bank,TR855752345,ÖZGÜR ARSLAN
9/10/2023 00:11:55,41307,USD,1702,H,TR182444458,942538515,ATAKAN YILMAZ,X Bank,TR461370723,ŞULE MİNE YADİGAROĞLU
9/10/2023 00:13:55,34113,TL,1533,H,TR181524600,942671850,AYLİA BAŞER,X Bank,TR595584766,FEYZA METE
9/10/2023 00:15:55,20882,EUR,1233,H,TR181448749,943078926,GÖZDE ZORLU KARAYİĞİT,X Bank,TR900220848,MURAT ÇOLAK
9/10/2023 00:17:55,12818,TL,1063,H,TR178671502,945263466,AYLİA HALHALLI,X Bank,TR601665860,NURETTİN İREM ASLANALP
9/10/2023 00:19:55,12768,USD,1060,H,TR177169326,946410274,NAGİHAN YAVAŞİ,X Bank,TR650957992,ÖZLEM KİŞİ
9/10/2023 00:21:55,10541,USD,1006,H,TR175344905,947460499,EMİNE BOZKURTER,X Bank,TR992178579,ÜMİT ULUTAŞ
9/10/2023 00:23:55,35616,EUR,1568,H,TR173307932,949670250,ÖZGÜR GENÇDAL,X Bank,TR654533591,ATAKAN KULAÇ
9/10/2023 00:25:55,12479,EUR,1052,H,TR170251731,949936422,İLHAN ORHON,X Bank,TR948932756,MUTLU KARADEMİR
9/10/2023 00:27:55,11335,USD,1029,H,TR170039783,950545745,İKLİL CELİLOĞLU,X Bank,TR606522539,ŞENAY SELVİ
9/10/2023 00:29:55,31360,EUR,1482,H,TR167669887,951863011,İLKNUR ERDOĞAN,X Bank,TR807986979,METE BEREKATOĞLU
9/10/2023 00:31:55,25178,USD,1328,H,TR166604634,951868105,İKLİL MERHAMETSİZ,X Bank,TR584562051,METE PEKTAŞ
9/10/2023 00:33:55,37448,USD,1629,H,TR166539043,954742203,FERHAN YEŞİLOVA,X Bank,TR792241456,MURAT ÇİFT
9/10/2023 00:35:55,45963,USD,1821,H,TR165697942,954979687,FADİME SEVGİ ALIMLI,X Bank,TR461556308,SONAY BAŞER
9/10/2023 00:37:55,12750,USD,1059,H,TR165282660,955185550,ŞULE MİNE SEÇİR,X Bank,TR741202499,GÖKHAN İNER KÖKSAL
9/10/2023 00:39:55,35107,USD,1555,H,TR163162013,956044110,VOLKAN ÇATAK,X Bank,TR366674145,EBRU UYGUR
9/10/2023 00:41:55,37541,EUR,1633,H,TR162306284,956462169,VOLKAN KÜTÜK,X Bank,TR522891193,LEVENT AYHAN
9/10/2023 00:43:55,47962,TL,1868,H,TR162259915,958464375,SEBAHAT UYAR,X Bank,TR766311340,SEÇKİN GİDER
9/10/2023 00:45:55,30370,USD,1462,H,TR162224723,960315367,İLKNUR KARAKUŞ EPÇAÇAN,X Bank,TR543915363,GÜLİZ UĞUZ
9/10/2023 00:47:55,11526,TL,1035,H,TR161559928,961974778,ÜMİT ÇELİKER,X Bank,TR764084815,VOLKAN ERGE
9/10/2023 00:49:55,27191,TL,1382,H,TR160559812,962171201,MEHTAP YILMAZ,X Bank,TR406146480,AYŞE GÜL BOZKURT
9/10/2023 00:51:55,24346,EUR,1308,H,TR159009586,963158916,HÜMEYRA AKIN,X Bank,TR486702023,YÜCEL ÖZTÜRK
9/10/2023 00:53:55,34600,USD,1542,H,TR157394481,964328501,İLKAY YARAR,X Bank,TR602870018,EMİNE KOYUNCU
9/10/2023 00:55:55,37389,EUR,1627,H,TR156896713,964975130,TEVFİK ÖZGÜN ÖZÇELİK ORAL,X Bank,TR930007569,ŞULE MİNE YİĞİT
9/10/2023 00:57:55,15037,USD,1115,H,TR154028312,966328338,NEBİ KAYAYURT,X Bank,TR170251731,SÜLEYMAN ESER
9/10/2023 00:59:55,32284,USD,1503,H,TR153083176,966992993,ATAKAN SEZER,X Bank,TR767892995,BENGÜ ÖNER
9/10/2023 01:01:55,48449,USD,1883,H,TR152661210,967458299,ZÜHAL GÜLSÜM ÖZDEMİR,X Bank,TR547466063,İLHAN ORHON
9/10/2023 01:03:55,24104,TL,1304,H,TR152472359,967983655,ŞULE MİNE HANCIOĞLU,X Bank,TR512000794,MEHMET ÖZGÜR CENGİZ
9/10/2023 01:05:55,44128,TL,1773,H,TR149831272,969078630,MEHMET BURHAN ÇETİN,X Bank,TR479845747,MUMUN DUMAN
9/10/2023 01:07:55,41441,EUR,1705,H,TR145593343,973536399,MESUT KUMRAL,X Bank,TR202896279,MÜBECCEL SARAÇ
9/10/2023 01:09:55,19794,TL,1210,H,TR143872355,973596467,ŞULE MİNE YADİGAROĞLU,X Bank,TR392349871,UMUT CANACANKATAN
9/10/2023 01:11:55,14781,EUR,1106,H,TR143093765,974167729,MURAT ERDEN,X Bank,TR851240800,EDA AKDEMİR
9/10/2023 01:13:55,27732,TL,1394,H,TR140835291,977184473,ABDULKADİR BEYOĞLU,X Bank,TR987352008,SALİM UZ
9/10/2023 01:15:55,25516,USD,1338,H,TR140372524,978334179,SALİM ÇALIŞKANTÜRK,X Bank,TR675103303,ZÜHAL GÜLSÜM KOÇ
9/10/2023 01:17:55,26094,USD,1355,H,TR139402766,978417613,SEDAT KOCAKAYA ALTUNDAL,X Bank,TR313409747,AYCAN ÖZDEN NASIROĞLU
9/10/2023 01:19:55,44442,USD,1781,H,TR138424977,978448310,KUBİLAY ŞİRZAİ,X Bank,TR848798682,NEJDET ÖZEL
9/10/2023 01:21:55,17413,USD,1161,H,TR138281742,979182313,DENİZ KANIK YÜKSEK,X Bank,TR845454709,ÖZGÜR GENÇDAL
9/10/2023 01:23:55,36794,EUR,1610,H,TR137414410,979864553,TUBA YANNİ,X Bank,TR958859038,TUBA KÖŞKER
9/10/2023 01:25:55,39261,USD,1665,H,TR136901665,980597474,MESUT ARSLAN,X Bank,TR892792426,DENİZ YENİDOĞAN
9/10/2023 01:27:55,10792,TL,1014,H,TR135999733,980938352,FADİME SEVGİ ÖZTÜRK,X Bank,TR192188746,FERHAN ŞENTÜRK
9/10/2023 01:29:55,15677,EUR,1125,H,TR135705474,980960781,ŞÜKRÜ AKYOL,X Bank,TR740278339,ERDAL AZAK
9/10/2023 01:31:55,39962,USD,1681,H,TR135167536,981270904,BERNA ÖZER,X Bank,TR240666929,MEHTAP YILDIRIM
9/10/2023 01:33:55,27556,EUR,1390,H,TR133945330,981498429,HABİBE AY GÜNEY,X Bank,TR453876911,MİRAÇ TÜTEN
9/10/2023 01:35:55,48275,TL,1878,H,TR133331750,982812268,EBRU ÇETEMEN,X Bank,TR159009586,ŞULE MİNE CANDAN
9/10/2023 01:37:55,36525,TL,1596,H,TR133254190,983386055,EMİN TONYUKUK ERTEM,X Bank,TR706896484,YUSUF GÜL
9/10/2023 01:39:55,20077,EUR,1214,H,TR131719938,983449980,ZÜHAL ATAY,X Bank,TR631623084,LEVENT TUTAŞ
9/10/2023 01:41:55,20751,EUR,1227,H,TR131705367,985891168,ÜMİT BAZ,X Bank,TR664697163,MELİA BATÇIK
9/10/2023 01:43:55,33438,USD,1525,H,TR130413140,986345649,FERHAN ARSLAN,X Bank,TR366757499,NURAY KAZBEK
9/10/2023 01:45:55,44572,EUR,1783,H,TR129401519,987260909,FERHAN AKBULUT,X Bank,TR514474766,SERDAR AVCI
9/10/2023 01:47:55,24623,EUR,1321,H,TR127800327,988470402,MELİA OLGAÇ,X Bank,TR233210765,MURAT KOÇ
9/10/2023 01:49:55,42145,EUR,1728,H,TR127394601,990531073,SEVDE NUR CİMBEK,X Bank,TR562721022,ÖZLEM ALMACIOĞLU
9/10/2023 01:51:55,10834,TL,1017,H,TR126606163,991732282,ŞULE MİNE KARAKILIÇ,X Bank,TR856193424,ŞERMİN KARAKÖSE
9/10/2023 01:53:55,11247,EUR,1025,H,TR126086876,992627122,ÖZLEM KARAOĞLU,X Bank,TR371718137,MEHMET ALİ AYHAN
9/10/2023 01:55:55,19111,USD,1195,H,TR122397536,993884103,MÜCELLA SAĞDIK,X Bank,TR397681687,MEHMET YENİÇERİ
9/10/2023 01:57:55,47067,USD,1849,H,TR121559730,994073645,MURAT ÇİFT,X Bank,TR246367301,MESUDE GÜMÜŞAY
9/10/2023 01:59:55,22387,EUR,1263,H,TR120691670,994273911,ŞERMİN SOYKAMER,X Bank,TR770157954,ERSEN ŞATIR ERTEM
9/10/2023 02:01:55,42622,USD,1736,H,TR120546352,994313542,BERFİN ÇİPE,X Bank,TR238304229,SALİM ÖZDEMİR
9/10/2023 02:03:55,48260,TL,1877,H,TR119913646,995669852,METE PEKTAŞ,X Bank,TR748609061,ŞULE MİNE KARAKILIÇ
9/10/2023 02:05:55,44899,EUR,1795,H,TR119302658,996009915,ÖMÜR DİLEK,X Bank,TR672944926,TÜLAY ÖNDE
9/10/2023 02:07:55,19505,USD,1201,H,TR118125797,996590892,ZEYNEP YENİGÜN,X Bank,TR965460589,EMİNE ABSEYİ
9/10/2023 02:09:55,20942,USD,1237,H,TR117552982,996853525,EMİNE TOPRAK,X Bank,TR348590757,SONGÜL ÇELİK
9/10/2023 02:11:55,18475,USD,1183,H,TR115392104,997583257,MUTLU DİNCER,X Bank,TR668612813,YENER ARKAN
9/10/2023 02:13:55,19276,EUR,1199,H,TR114280286,999012791,METİN ÖZTÜRK,X Bank,TR338237257,AYLİA BEKTAŞ
9/10/2023 02:15:55,13498,USD,1078,H,TR113472419,999463972,GÜRKAN UYĞUN,X Bank,TR272758363,TAYLAN CANDAN
9/10/2023 02:17:55,20744,EUR,1226,H,TR111318411,999518794,MUSTAFA ÜZER,X Bank,TR394423674,SALİM ATASOY
9/10/2023 02:19:55,18476,EUR,1184,H,TR111204857,999903917,AYDOĞAN KİREÇÇİ,X Bank,TR359364782,İKLİL MERHAMETSİZ
